-- 增强版 product_db 测试数据
-- 生成规则：80 用户 / 10 分类 / 40 商品 / 500 订单 / 明细金额严格回填订单金额
SET FOREIGN_KEY_CHECKS = 0;
TRUNCATE TABLE product_categories;
TRUNCATE TABLE order_items;
TRUNCATE TABLE orders;
TRUNCATE TABLE products;
TRUNCATE TABLE categories;
TRUNCATE TABLE users;
SET FOREIGN_KEY_CHECKS = 1;

INSERT INTO users (id, username, email, created_at) VALUES
(1, 'user001', 'user001@example.com', '2025-06-29 10:39:45'),
(2, 'user002', 'user002@example.com', '2025-06-29 11:04:47'),
(3, 'user003', 'user003@example.com', '2024-10-08 04:12:11'),
(4, 'user004', 'user004@example.com', '2024-06-26 15:58:25'),
(5, 'user005', 'user005@example.com', '2024-02-09 19:08:28'),
(6, 'user006', 'user006@example.com', '2024-02-05 12:29:41'),
(7, 'user007', 'user007@example.com', '2025-03-17 20:40:40'),
(8, 'user008', 'user008@example.com', '2024-06-26 16:00:37'),
(9, 'user009', 'user009@example.com', '2024-09-27 17:31:02'),
(10, 'user010', 'user010@example.com', '2025-04-17 23:24:40'),
(11, 'user011', 'user011@example.com', '2024-07-28 11:51:58'),
(12, 'user012', 'user012@example.com', '2024-03-19 06:49:02'),
(13, 'user013', 'user013@example.com', '2025-04-28 03:08:34'),
(14, 'user014', 'user014@example.com', '2025-01-22 00:46:15'),
(15, 'user015', 'user015@example.com', '2024-10-05 09:12:07'),
(16, 'user016', 'user016@example.com', '2024-05-16 22:12:51'),
(17, 'user017', 'user017@example.com', '2025-02-27 01:11:26'),
(18, 'user018', 'user018@example.com', '2025-06-26 05:28:16'),
(19, 'user019', 'user019@example.com', '2024-07-13 15:43:35'),
(20, 'user020', 'user020@example.com', '2025-03-16 09:35:51'),
(21, 'user021', 'user021@example.com', '2024-03-24 00:33:46'),
(22, 'user022', 'user022@example.com', '2025-04-01 08:28:47'),
(23, 'user023', 'user023@example.com', '2024-07-04 13:31:49'),
(24, 'user024', 'user024@example.com', '2024-06-05 13:57:03'),
(25, 'user025', 'user025@example.com', '2024-06-26 18:34:39'),
(26, 'user026', 'user026@example.com', '2024-04-15 20:30:12'),
(27, 'user027', 'user027@example.com', '2024-01-16 07:54:06'),
(28, 'user028', 'user028@example.com', '2024-10-04 23:04:17'),
(29, 'user029', 'user029@example.com', '2025-02-27 04:05:30'),
(30, 'user030', 'user030@example.com', '2024-08-15 16:16:26'),
(31, 'user031', 'user031@example.com', '2025-03-03 19:57:31'),
(32, 'user032', 'user032@example.com', '2024-04-04 10:22:41'),
(33, 'user033', 'user033@example.com', '2024-08-04 13:57:35'),
(34, 'user034', 'user034@example.com', '2024-09-04 05:41:12'),
(35, 'user035', 'user035@example.com', '2024-09-02 02:30:01'),
(36, 'user036', 'user036@example.com', '2025-06-05 00:45:12'),
(37, 'user037', 'user037@example.com', '2024-01-06 17:44:12'),
(38, 'user038', 'user038@example.com', '2024-02-16 03:03:12'),
(39, 'user039', 'user039@example.com', '2025-06-02 17:27:27'),
(40, 'user040', 'user040@example.com', '2025-04-01 12:08:29'),
(41, 'user041', 'user041@example.com', '2024-09-06 20:45:01'),
(42, 'user042', 'user042@example.com', '2024-03-12 02:57:15'),
(43, 'user043', 'user043@example.com', '2025-04-05 02:27:54'),
(44, 'user044', 'user044@example.com', '2024-08-08 15:07:13'),
(45, 'user045', 'user045@example.com', '2024-11-18 11:43:19'),
(46, 'user046', 'user046@example.com', '2024-05-13 07:44:38'),
(47, 'user047', 'user047@example.com', '2025-04-03 00:54:00'),
(48, 'user048', 'user048@example.com', '2024-10-27 11:12:57'),
(49, 'user049', 'user049@example.com', '2025-03-06 17:57:30'),
(50, 'user050', 'user050@example.com', '2024-09-28 22:20:59'),
(51, 'user051', 'user051@example.com', '2024-10-20 09:35:42'),
(52, 'user052', 'user052@example.com', '2025-01-18 05:31:35'),
(53, 'user053', 'user053@example.com', '2025-03-04 07:16:01'),
(54, 'user054', 'user054@example.com', '2024-06-03 17:53:38'),
(55, 'user055', 'user055@example.com', '2024-01-11 14:28:40'),
(56, 'user056', 'user056@example.com', '2024-02-10 11:49:13'),
(57, 'user057', 'user057@example.com', '2024-01-26 10:04:00'),
(58, 'user058', 'user058@example.com', '2025-02-10 06:39:56'),
(59, 'user059', 'user059@example.com', '2024-03-08 15:26:05'),
(60, 'user060', 'user060@example.com', '2025-04-10 11:41:52'),
(61, 'user061', 'user061@example.com', '2025-01-09 00:37:06'),
(62, 'user062', 'user062@example.com', '2025-05-26 07:24:15'),
(63, 'user063', 'user063@example.com', '2024-03-20 20:56:45'),
(64, 'user064', 'user064@example.com', '2025-02-03 11:38:08'),
(65, 'user065', 'user065@example.com', '2025-02-19 00:36:04'),
(66, 'user066', 'user066@example.com', '2025-01-15 21:14:15'),
(67, 'user067', 'user067@example.com', '2024-03-19 04:16:20'),
(68, 'user068', 'user068@example.com', '2025-06-05 01:51:28'),
(69, 'user069', 'user069@example.com', '2024-05-02 14:23:39'),
(70, 'user070', 'user070@example.com', '2024-07-02 13:35:58'),
(71, 'user071', 'user071@example.com', '2025-02-10 10:22:56'),
(72, 'user072', 'user072@example.com', '2025-03-23 02:22:45'),
(73, 'user073', 'user073@example.com', '2025-03-20 12:13:04'),
(74, 'user074', 'user074@example.com', '2025-03-24 07:55:41'),
(75, 'user075', 'user075@example.com', '2024-11-22 21:59:08'),
(76, 'user076', 'user076@example.com', '2024-02-09 23:17:21'),
(77, 'user077', 'user077@example.com', '2024-09-30 01:05:38'),
(78, 'user078', 'user078@example.com', '2024-03-06 08:48:01'),
(79, 'user079', 'user079@example.com', '2024-01-10 22:59:43'),
(80, 'user080', 'user080@example.com', '2024-09-08 00:24:36');

INSERT INTO categories (id, name) VALUES
(1, '电子产品'),
(2, '服装'),
(3, '图书'),
(4, '家居用品'),
(5, '食品'),
(6, '办公用品'),
(7, '运动户外'),
(8, '美妆个护'),
(9, '母婴用品'),
(10, '厨房用品');

INSERT INTO products (id, name, price, stock, created_at) VALUES
(1, '智能手机', 3299.00, 45, '2024-06-18 10:00:00'),
(2, '笔记本电脑', 5499.00, 22, '2024-07-02 11:20:00'),
(3, '蓝牙耳机', 399.00, 68, '2024-08-10 09:30:00'),
(4, '平板电脑', 2899.00, 30, '2024-10-08 15:10:00'),
(5, '显示器', 1299.00, 18, '2024-11-12 14:40:00'),
(6, 'T恤衫', 99.00, 260, '2024-06-05 12:00:00'),
(7, '牛仔裤', 199.00, 180, '2024-07-16 16:50:00'),
(8, '羽绒服', 499.00, 70, '2024-11-01 13:15:00'),
(9, '运动鞋', 359.00, 90, '2024-09-20 18:00:00'),
(10, '小说', 49.00, 140, '2024-06-25 17:10:00'),
(11, '历史书', 79.00, 120, '2024-08-28 10:35:00'),
(12, '编程书', 129.00, 85, '2024-10-15 11:45:00'),
(13, '儿童绘本', 59.00, 110, '2024-12-06 09:00:00'),
(14, '沙发', 2899.00, 8, '2024-07-09 14:20:00'),
(15, '台灯', 149.00, 95, '2024-06-12 19:00:00'),
(16, '床上四件套', 269.00, 55, '2024-09-05 10:50:00'),
(17, '收纳箱', 69.00, 160, '2024-08-14 15:05:00'),
(18, '牛奶', 18.00, 75, '2024-06-03 08:30:00'),
(19, '巧克力', 29.00, 88, '2024-07-25 09:40:00'),
(20, '咖啡豆', 59.00, 90, '2024-09-12 10:10:00'),
(21, '坚果礼盒', 128.00, 45, '2024-12-20 13:30:00'),
(22, '中性笔', 12.00, 320, '2024-06-09 10:25:00'),
(23, '办公椅', 399.00, 28, '2024-08-02 14:00:00'),
(24, '文件柜', 899.00, 14, '2024-10-19 17:15:00'),
(25, '瑜伽垫', 89.00, 130, '2024-07-18 16:40:00'),
(26, '跑步机', 2499.00, 6, '2024-09-30 12:20:00'),
(27, '登山包', 299.00, 40, '2024-11-03 11:30:00'),
(28, '运动水壶', 39.00, 150, '2024-08-21 10:45:00'),
(29, '洗面奶', 79.00, 120, '2024-06-27 09:15:00'),
(30, '电动牙刷', 259.00, 85, '2024-07-30 15:45:00'),
(31, '面膜', 99.00, 140, '2024-10-05 19:10:00'),
(32, '防晒霜', 129.00, 95, '2025-03-01 13:05:00'),
(33, '婴儿奶粉', 268.00, 52, '2024-07-07 10:00:00'),
(34, '尿不湿', 119.00, 110, '2024-06-30 08:40:00'),
(35, '儿童餐椅', 459.00, 16, '2024-09-18 16:15:00'),
(36, '婴儿推车', 699.00, 20, '2024-11-15 14:50:00'),
(37, '咖啡机', 699.00, 24, '2024-08-08 11:10:00'),
(38, '电饭煲', 329.00, 42, '2024-09-09 09:35:00'),
(39, '不粘锅', 159.00, 72, '2024-07-22 12:45:00'),
(40, '刀具套装', 219.00, 34, '2024-10-27 18:20:00');

INSERT INTO product_categories (product_id, category_id) VALUES
(1, 1),
(2, 1),
(3, 1),
(4, 1),
(4, 6),
(5, 1),
(5, 6),
(6, 2),
(7, 2),
(8, 2),
(9, 2),
(9, 7),
(10, 3),
(11, 3),
(12, 3),
(12, 6),
(13, 3),
(13, 9),
(14, 4),
(15, 4),
(15, 6),
(16, 4),
(17, 4),
(18, 5),
(19, 5),
(20, 5),
(20, 10),
(21, 5),
(22, 6),
(23, 6),
(24, 6),
(25, 7),
(26, 7),
(27, 7),
(28, 7),
(28, 10),
(29, 8),
(30, 1),
(30, 8),
(31, 8),
(32, 8),
(33, 9),
(34, 9),
(35, 4),
(35, 9),
(36, 9),
(37, 1),
(37, 10),
(38, 10),
(39, 10),
(40, 10);

INSERT INTO orders (id, user_id, total_amount, status, order_date) VALUES
(1, 29, 198.00, 'cancelled', '2025-01-25 13:49:17'),
(2, 9, 377.00, 'completed', '2025-01-04 17:24:22'),
(3, 44, 553.00, 'completed', '2025-01-01 15:13:26'),
(4, 38, 135.00, 'pending', '2025-01-12 10:12:43'),
(5, 9, 1553.00, 'completed', '2025-01-18 16:45:07'),
(6, 64, 575.00, 'cancelled', '2025-01-29 17:54:07'),
(7, 15, 384.00, 'completed', '2025-01-02 15:53:19'),
(8, 26, 158.00, 'completed', '2025-01-27 13:13:53'),
(9, 16, 5952.00, 'completed', '2025-01-19 10:10:10'),
(10, 56, 955.00, 'completed', '2025-01-20 16:12:43'),
(11, 59, 927.00, 'completed', '2025-01-01 16:17:14'),
(12, 1, 118.00, 'completed', '2025-01-07 11:43:11'),
(13, 68, 147.00, 'cancelled', '2025-01-26 18:19:08'),
(14, 45, 1514.00, 'cancelled', '2025-01-29 21:24:59'),
(15, 6, 957.00, 'completed', '2025-01-04 21:06:02'),
(16, 14, 574.00, 'cancelled', '2025-01-08 10:28:38'),
(17, 12, 129.00, 'completed', '2025-01-30 17:41:40'),
(18, 7, 359.00, 'cancelled', '2025-01-08 11:33:42'),
(19, 46, 5234.00, 'completed', '2025-01-13 12:21:45'),
(20, 14, 615.00, 'completed', '2025-01-08 13:25:03'),
(21, 53, 8796.00, 'completed', '2025-01-15 20:17:02'),
(22, 38, 3517.00, 'completed', '2025-01-30 16:28:27'),
(23, 56, 1413.00, 'cancelled', '2025-01-26 15:57:15'),
(24, 66, 1257.00, 'pending', '2025-01-17 09:42:41'),
(25, 4, 499.00, 'completed', '2025-01-19 11:43:02'),
(26, 59, 6144.00, 'completed', '2025-01-07 13:54:56'),
(27, 43, 4129.00, 'completed', '2025-01-05 17:02:47'),
(28, 45, 3745.00, 'completed', '2025-01-04 19:53:23'),
(29, 7, 583.00, 'completed', '2025-01-12 19:36:48'),
(30, 14, 1602.00, 'completed', '2025-01-21 18:07:36'),
(31, 2, 1364.00, 'completed', '2025-01-21 13:45:58'),
(32, 38, 1216.00, 'completed', '2025-01-22 16:47:34'),
(33, 3, 248.00, 'completed', '2025-01-10 17:16:05'),
(34, 76, 807.00, 'completed', '2025-01-07 20:47:54'),
(35, 57, 797.00, 'completed', '2025-01-07 18:10:45'),
(36, 14, 3698.00, 'pending', '2025-01-17 13:38:57'),
(37, 6, 6405.00, 'cancelled', '2025-01-18 17:46:45'),
(38, 44, 3359.00, 'cancelled', '2025-01-25 19:20:19'),
(39, 28, 6315.00, 'completed', '2025-01-12 10:09:12'),
(40, 7, 914.00, 'completed', '2025-01-19 11:56:07'),
(41, 12, 247.00, 'pending', '2025-01-19 13:26:23'),
(42, 43, 628.00, 'completed', '2025-01-31 19:14:56'),
(43, 3, 3830.00, 'completed', '2025-01-16 21:52:57'),
(44, 7, 3835.00, 'completed', '2025-01-26 20:03:55'),
(45, 26, 558.00, 'completed', '2025-01-04 09:44:36'),
(46, 31, 5954.00, 'completed', '2025-01-28 17:58:32'),
(47, 24, 1396.00, 'completed', '2025-01-31 10:27:14'),
(48, 46, 695.00, 'pending', '2025-01-19 19:21:32'),
(49, 27, 3076.00, 'cancelled', '2025-01-03 16:34:28'),
(50, 7, 804.00, 'completed', '2025-01-25 15:13:30'),
(51, 26, 1226.00, 'completed', '2025-02-23 10:39:59'),
(52, 35, 1430.00, 'completed', '2025-02-08 12:24:27'),
(53, 8, 145.00, 'completed', '2025-02-08 19:06:57'),
(54, 62, 723.00, 'completed', '2025-02-01 09:16:48'),
(55, 21, 492.00, 'cancelled', '2025-02-23 11:39:45'),
(56, 6, 916.00, 'completed', '2025-02-15 14:37:32'),
(57, 52, 153.00, 'completed', '2025-02-16 21:17:48'),
(58, 32, 3617.00, 'pending', '2025-02-19 18:39:06'),
(59, 28, 116.00, 'completed', '2025-02-23 16:47:17'),
(60, 8, 592.00, 'completed', '2025-02-17 16:28:41'),
(61, 33, 1242.00, 'completed', '2025-02-16 15:04:01'),
(62, 15, 1396.00, 'pending', '2025-02-08 16:48:27'),
(63, 45, 1015.00, 'completed', '2025-02-23 18:40:44'),
(64, 10, 6799.00, 'completed', '2025-02-23 20:48:39'),
(65, 19, 735.00, 'completed', '2025-02-09 18:53:01'),
(66, 3, 869.00, 'completed', '2025-02-11 18:35:54'),
(67, 62, 746.00, 'completed', '2025-02-08 13:21:21'),
(68, 26, 8497.00, 'completed', '2025-02-06 10:03:22'),
(69, 59, 325.00, 'completed', '2025-02-04 18:51:08'),
(70, 13, 1418.00, 'completed', '2025-02-06 17:59:52'),
(71, 36, 815.00, 'completed', '2025-02-03 10:37:34'),
(72, 11, 189.00, 'completed', '2025-02-22 11:14:53'),
(73, 8, 1814.00, 'completed', '2025-02-16 16:00:27'),
(74, 77, 5013.00, 'pending', '2025-02-13 18:11:53'),
(75, 79, 834.00, 'pending', '2025-02-16 11:06:36'),
(76, 37, 4215.00, 'completed', '2025-02-25 09:41:57'),
(77, 41, 6455.00, 'completed', '2025-02-08 19:46:54'),
(78, 34, 1133.00, 'pending', '2025-02-02 12:09:14'),
(79, 11, 1903.00, 'completed', '2025-02-19 16:55:52'),
(80, 3, 3476.00, 'completed', '2025-02-27 11:16:00'),
(81, 53, 3895.00, 'pending', '2025-02-16 16:00:30'),
(82, 3, 902.00, 'completed', '2025-02-22 15:52:50'),
(83, 7, 898.00, 'pending', '2025-02-20 21:46:51'),
(84, 5, 1695.00, 'completed', '2025-02-12 17:00:36'),
(85, 62, 285.00, 'cancelled', '2025-02-09 11:26:58'),
(86, 22, 316.00, 'completed', '2025-02-08 17:09:59'),
(87, 21, 436.00, 'completed', '2025-02-16 20:43:32'),
(88, 37, 3017.00, 'completed', '2025-02-21 10:20:40'),
(89, 44, 3076.00, 'pending', '2025-02-02 18:38:17'),
(90, 30, 452.00, 'pending', '2025-02-03 18:30:13'),
(91, 42, 324.00, 'completed', '2025-02-16 18:00:17'),
(92, 7, 897.00, 'completed', '2025-02-09 18:37:59'),
(93, 16, 3923.00, 'pending', '2025-02-22 14:12:57'),
(94, 35, 927.00, 'completed', '2025-02-02 11:02:45'),
(95, 2, 2196.00, 'completed', '2025-02-02 10:43:13'),
(96, 63, 1397.00, 'completed', '2025-02-03 17:07:32'),
(97, 46, 886.00, 'completed', '2025-02-28 15:03:09'),
(98, 74, 476.00, 'completed', '2025-02-10 19:12:09'),
(99, 36, 3273.00, 'completed', '2025-02-11 20:42:07'),
(100, 7, 306.00, 'completed', '2025-02-13 10:45:15'),
(101, 76, 5015.00, 'completed', '2025-02-14 20:44:13'),
(102, 23, 981.00, 'completed', '2025-02-08 14:38:37'),
(103, 66, 517.00, 'completed', '2025-02-11 21:25:11'),
(104, 36, 357.00, 'completed', '2025-02-14 13:21:57'),
(105, 36, 553.00, 'completed', '2025-02-19 20:32:21'),
(106, 2, 357.00, 'completed', '2025-02-22 16:36:45'),
(107, 6, 3755.00, 'completed', '2025-02-16 16:41:18'),
(108, 5, 299.00, 'cancelled', '2025-02-21 19:15:06'),
(109, 51, 2434.00, 'completed', '2025-02-04 14:52:24'),
(110, 27, 3162.00, 'completed', '2025-02-02 15:55:16'),
(111, 23, 1391.00, 'completed', '2025-03-16 10:29:30'),
(112, 12, 497.00, 'cancelled', '2025-03-10 14:59:46'),
(113, 1, 455.00, 'completed', '2025-03-09 15:23:00'),
(114, 1, 536.00, 'completed', '2025-03-20 17:38:30'),
(115, 14, 4222.00, 'completed', '2025-03-27 11:21:50'),
(116, 5, 1953.00, 'completed', '2025-03-02 18:18:54'),
(117, 5, 447.00, 'cancelled', '2025-03-29 18:05:00'),
(118, 11, 399.00, 'pending', '2025-03-30 18:54:13'),
(119, 3, 259.00, 'completed', '2025-03-08 14:57:58'),
(120, 9, 3397.00, 'completed', '2025-03-01 19:16:08'),
(121, 16, 768.00, 'completed', '2025-03-22 21:30:47'),
(122, 52, 2008.00, 'cancelled', '2025-03-10 21:56:13'),
(123, 22, 1133.00, 'pending', '2025-03-06 19:09:00'),
(124, 7, 4355.00, 'completed', '2025-03-31 12:19:41'),
(125, 13, 920.00, 'completed', '2025-03-07 13:28:51'),
(126, 20, 1007.00, 'cancelled', '2025-03-28 17:40:40'),
(127, 80, 765.00, 'completed', '2025-03-13 10:14:28'),
(128, 36, 1683.00, 'completed', '2025-03-02 18:10:37'),
(129, 70, 387.00, 'pending', '2025-03-10 11:15:07'),
(130, 54, 200.00, 'completed', '2025-03-09 14:33:16'),
(131, 31, 443.00, 'completed', '2025-03-04 14:03:32'),
(132, 45, 1063.00, 'completed', '2025-03-29 10:26:25'),
(133, 57, 399.00, 'pending', '2025-03-13 19:16:54'),
(134, 7, 134.00, 'pending', '2025-03-02 16:52:41'),
(135, 6, 975.00, 'pending', '2025-03-09 16:46:30'),
(136, 56, 904.00, 'pending', '2025-03-22 10:38:45'),
(137, 8, 943.00, 'completed', '2025-03-28 16:51:05'),
(138, 3, 87.00, 'pending', '2025-03-02 20:40:02'),
(139, 16, 6714.00, 'completed', '2025-03-02 17:30:57'),
(140, 8, 3198.00, 'completed', '2025-03-01 11:19:48'),
(141, 5, 1452.00, 'cancelled', '2025-03-29 15:36:16'),
(142, 14, 658.00, 'pending', '2025-03-18 11:07:26'),
(143, 14, 754.00, 'completed', '2025-03-11 15:50:38'),
(144, 36, 4871.00, 'pending', '2025-03-29 14:52:32'),
(145, 11, 4410.00, 'pending', '2025-03-18 13:08:12'),
(146, 14, 3016.00, 'pending', '2025-03-18 18:45:46'),
(147, 36, 3176.00, 'completed', '2025-03-18 19:18:58'),
(148, 5, 730.00, 'completed', '2025-03-06 14:14:13'),
(149, 34, 892.00, 'pending', '2025-03-02 12:32:19'),
(150, 22, 3486.00, 'completed', '2025-03-18 19:00:48'),
(151, 4, 1555.00, 'pending', '2025-03-06 13:52:05'),
(152, 4, 953.00, 'cancelled', '2025-03-28 14:04:58'),
(153, 73, 1013.00, 'completed', '2025-03-11 18:30:42'),
(154, 11, 848.00, 'completed', '2025-03-25 21:55:57'),
(155, 45, 1203.00, 'cancelled', '2025-03-10 16:15:29'),
(156, 12, 468.00, 'completed', '2025-03-07 21:57:20'),
(157, 45, 336.00, 'completed', '2025-03-20 12:05:28'),
(158, 27, 3524.00, 'pending', '2025-03-27 12:39:33'),
(159, 16, 935.00, 'completed', '2025-03-10 16:00:34'),
(160, 8, 1463.00, 'pending', '2025-03-02 17:25:09'),
(161, 12, 306.00, 'completed', '2025-03-20 14:58:28'),
(162, 5, 984.00, 'cancelled', '2025-03-22 18:21:21'),
(163, 17, 1225.00, 'completed', '2025-03-29 10:16:21'),
(164, 13, 5658.00, 'completed', '2025-03-04 17:24:09'),
(165, 26, 771.00, 'completed', '2025-03-29 18:43:02'),
(166, 36, 3808.00, 'completed', '2025-03-30 13:16:06'),
(167, 22, 3192.00, 'completed', '2025-03-15 11:29:27'),
(168, 2, 1014.00, 'completed', '2025-03-12 18:30:02'),
(169, 50, 5798.00, 'completed', '2025-03-08 13:55:51'),
(170, 36, 5499.00, 'pending', '2025-03-03 20:07:24'),
(171, 4, 3509.00, 'completed', '2025-03-12 17:49:01'),
(172, 51, 1192.00, 'completed', '2025-03-09 19:37:01'),
(173, 2, 1228.00, 'completed', '2025-03-07 15:54:59'),
(174, 43, 1103.00, 'completed', '2025-03-26 15:20:43'),
(175, 33, 3573.00, 'completed', '2025-03-24 16:18:28'),
(176, 33, 970.00, 'completed', '2025-03-09 18:04:28'),
(177, 42, 454.00, 'completed', '2025-03-08 15:25:10'),
(178, 80, 687.00, 'completed', '2025-03-15 15:06:06'),
(179, 5, 966.00, 'completed', '2025-03-08 13:55:03'),
(180, 14, 6198.00, 'completed', '2025-03-08 21:20:25'),
(181, 3, 5297.00, 'completed', '2025-03-02 11:04:48'),
(182, 17, 691.00, 'completed', '2025-03-18 13:33:03'),
(183, 14, 1314.00, 'pending', '2025-03-10 21:15:24'),
(184, 16, 1117.00, 'completed', '2025-03-17 16:30:05'),
(185, 1, 913.00, 'completed', '2025-03-09 13:41:07'),
(186, 53, 1095.00, 'completed', '2025-04-03 18:36:11'),
(187, 1, 882.00, 'completed', '2025-04-19 15:51:09'),
(188, 15, 96.00, 'completed', '2025-04-19 11:56:19'),
(189, 31, 359.00, 'completed', '2025-04-04 19:59:23'),
(190, 54, 1295.00, 'completed', '2025-04-10 19:51:41'),
(191, 17, 1391.00, 'completed', '2025-04-12 16:57:35'),
(192, 78, 1197.00, 'pending', '2025-04-24 10:28:43'),
(193, 77, 387.00, 'pending', '2025-04-18 18:50:33'),
(194, 10, 1355.00, 'cancelled', '2025-04-04 20:17:59'),
(195, 54, 1301.00, 'cancelled', '2025-04-05 19:17:58'),
(196, 12, 6254.00, 'completed', '2025-04-07 19:16:38'),
(197, 25, 593.00, 'completed', '2025-04-20 21:55:16'),
(198, 43, 4226.00, 'completed', '2025-04-23 17:08:23'),
(199, 22, 536.00, 'completed', '2025-04-03 16:03:02'),
(200, 4, 267.00, 'completed', '2025-04-30 16:39:19'),
(201, 58, 1513.00, 'completed', '2025-04-05 17:41:50'),
(202, 8, 1814.00, 'completed', '2025-04-03 12:21:18'),
(203, 1, 1855.00, 'completed', '2025-04-17 09:19:53'),
(204, 53, 95.00, 'pending', '2025-04-27 19:53:51'),
(205, 64, 3132.00, 'pending', '2025-04-27 16:01:34'),
(206, 49, 1124.00, 'completed', '2025-04-30 12:27:17'),
(207, 11, 414.00, 'cancelled', '2025-04-18 11:03:17'),
(208, 13, 411.00, 'completed', '2025-04-21 18:39:37'),
(209, 56, 3299.00, 'completed', '2025-04-23 13:03:49'),
(210, 12, 438.00, 'completed', '2025-04-08 13:38:39'),
(211, 1, 5615.00, 'cancelled', '2025-04-15 10:47:13'),
(212, 26, 1134.00, 'completed', '2025-04-21 12:25:37'),
(213, 13, 196.00, 'completed', '2025-04-06 17:00:20'),
(214, 3, 1932.00, 'completed', '2025-04-04 09:54:55'),
(215, 1, 5835.00, 'pending', '2025-04-08 14:09:45'),
(216, 1, 1452.00, 'completed', '2025-04-19 19:53:08'),
(217, 7, 1610.00, 'completed', '2025-04-13 11:10:24'),
(218, 53, 367.00, 'completed', '2025-04-20 18:33:33'),
(219, 11, 4097.00, 'completed', '2025-04-11 18:38:41'),
(220, 38, 3299.00, 'completed', '2025-04-05 15:27:49'),
(221, 68, 483.00, 'completed', '2025-04-18 13:06:55'),
(222, 54, 79.00, 'pending', '2025-04-20 18:13:47'),
(223, 26, 1093.00, 'pending', '2025-04-10 09:47:03'),
(224, 18, 129.00, 'completed', '2025-04-26 12:23:28'),
(225, 14, 170.00, 'completed', '2025-04-13 11:17:39'),
(226, 12, 5757.00, 'completed', '2025-04-13 16:30:18'),
(227, 48, 3036.00, 'completed', '2025-04-29 17:31:02'),
(228, 52, 894.00, 'completed', '2025-04-16 17:35:49'),
(229, 36, 3754.00, 'pending', '2025-04-05 12:38:39'),
(230, 76, 1071.00, 'completed', '2025-04-02 09:06:11'),
(231, 10, 4934.00, 'pending', '2025-04-08 10:03:09'),
(232, 2, 435.00, 'pending', '2025-04-21 19:01:36'),
(233, 14, 916.00, 'completed', '2025-04-27 12:49:01'),
(234, 37, 1155.00, 'completed', '2025-04-22 16:37:58'),
(235, 5, 397.00, 'pending', '2025-04-09 10:24:17'),
(236, 51, 1398.00, 'pending', '2025-04-07 19:02:39'),
(237, 15, 3598.00, 'pending', '2025-04-19 19:47:32'),
(238, 59, 199.00, 'completed', '2025-04-05 20:50:55'),
(239, 9, 5628.00, 'pending', '2025-04-28 11:17:27'),
(240, 47, 3853.00, 'completed', '2025-04-20 18:30:46'),
(241, 63, 1252.00, 'completed', '2025-04-04 12:57:45'),
(242, 79, 387.00, 'completed', '2025-04-08 13:06:47'),
(243, 25, 947.00, 'completed', '2025-04-10 21:10:35'),
(244, 9, 3676.00, 'completed', '2025-04-23 13:32:51'),
(245, 3, 737.00, 'completed', '2025-04-27 09:22:10'),
(246, 24, 129.00, 'completed', '2025-04-26 11:20:57'),
(247, 18, 4401.00, 'completed', '2025-04-27 16:39:48'),
(248, 41, 3559.00, 'pending', '2025-04-03 09:52:33'),
(249, 3, 3116.00, 'completed', '2025-04-24 16:36:28'),
(250, 46, 4655.00, 'completed', '2025-04-05 12:12:42'),
(251, 19, 428.00, 'cancelled', '2025-04-29 16:15:15'),
(252, 50, 814.00, 'completed', '2025-04-20 12:21:42'),
(253, 49, 457.00, 'completed', '2025-04-12 11:18:50'),
(254, 51, 99.00, 'completed', '2025-04-16 12:16:12'),
(255, 20, 7056.00, 'completed', '2025-04-20 17:46:21'),
(256, 13, 255.00, 'completed', '2025-04-27 18:48:13'),
(257, 14, 1108.00, 'pending', '2025-04-18 17:37:10'),
(258, 38, 1817.00, 'completed', '2025-04-24 18:52:00'),
(259, 44, 414.00, 'pending', '2025-04-06 10:28:36'),
(260, 26, 489.00, 'completed', '2025-04-06 14:13:22'),
(261, 2, 1722.00, 'cancelled', '2025-04-05 15:52:17'),
(262, 13, 72.00, 'completed', '2025-04-13 11:18:56'),
(263, 2, 623.00, 'completed', '2025-04-18 11:11:13'),
(264, 16, 576.00, 'pending', '2025-04-09 15:54:45'),
(265, 47, 227.00, 'completed', '2025-04-30 11:54:54'),
(266, 55, 5816.00, 'cancelled', '2025-04-13 15:26:33'),
(267, 26, 493.00, 'completed', '2025-04-20 11:00:44'),
(268, 13, 1005.00, 'completed', '2025-04-30 17:38:44'),
(269, 39, 798.00, 'completed', '2025-04-27 21:57:41'),
(270, 21, 3696.00, 'pending', '2025-04-19 13:13:43'),
(271, 23, 3890.00, 'completed', '2025-05-24 17:03:59'),
(272, 5, 894.00, 'completed', '2025-05-31 20:52:55'),
(273, 32, 734.00, 'completed', '2025-05-03 15:31:01'),
(274, 6, 1133.00, 'completed', '2025-05-25 11:50:12'),
(275, 53, 3631.00, 'completed', '2025-05-30 09:39:10'),
(276, 8, 5834.00, 'pending', '2025-05-08 11:57:28'),
(277, 27, 3566.00, 'cancelled', '2025-05-10 12:29:12'),
(278, 16, 877.00, 'completed', '2025-05-11 11:50:16'),
(279, 3, 79.00, 'completed', '2025-05-14 16:46:35'),
(280, 9, 876.00, 'cancelled', '2025-05-05 18:30:50'),
(281, 48, 725.00, 'pending', '2025-05-12 21:23:33'),
(282, 51, 1067.00, 'pending', '2025-05-11 18:59:00'),
(283, 3, 627.00, 'completed', '2025-05-21 14:36:05'),
(284, 4, 5725.00, 'completed', '2025-05-23 11:14:05'),
(285, 8, 4194.00, 'pending', '2025-05-15 14:20:53'),
(286, 21, 468.00, 'cancelled', '2025-05-10 18:38:47'),
(287, 14, 1713.00, 'cancelled', '2025-05-31 10:28:38'),
(288, 4, 937.00, 'completed', '2025-05-31 10:36:05'),
(289, 10, 384.00, 'cancelled', '2025-05-13 10:25:23'),
(290, 4, 1052.00, 'completed', '2025-05-26 17:18:46'),
(291, 3, 538.00, 'completed', '2025-05-18 14:19:04'),
(292, 33, 3452.00, 'completed', '2025-05-27 14:41:56'),
(293, 10, 399.00, 'completed', '2025-05-15 14:18:31'),
(294, 47, 87.00, 'cancelled', '2025-05-03 10:49:53'),
(295, 14, 6146.00, 'completed', '2025-05-19 11:17:52'),
(296, 41, 801.00, 'completed', '2025-05-16 14:04:47'),
(297, 32, 5828.00, 'completed', '2025-05-13 16:26:35'),
(298, 39, 516.00, 'completed', '2025-05-05 17:30:24'),
(299, 63, 6198.00, 'completed', '2025-05-27 09:30:27'),
(300, 10, 1351.00, 'completed', '2025-05-15 12:04:57'),
(301, 26, 149.00, 'completed', '2025-05-03 18:36:22'),
(302, 18, 1797.00, 'completed', '2025-05-19 11:16:56'),
(303, 51, 804.00, 'completed', '2025-05-24 11:32:20'),
(304, 25, 3556.00, 'pending', '2025-05-31 15:46:43'),
(305, 26, 1106.00, 'completed', '2025-05-14 18:51:24'),
(306, 10, 3385.00, 'completed', '2025-05-17 20:18:46'),
(307, 4, 3697.00, 'completed', '2025-05-03 18:30:37'),
(308, 16, 1062.00, 'completed', '2025-05-23 17:10:19'),
(309, 2, 920.00, 'pending', '2025-05-04 10:30:08'),
(310, 49, 1064.00, 'pending', '2025-05-07 13:40:10'),
(311, 17, 1398.00, 'completed', '2025-05-29 15:46:01'),
(312, 50, 1223.00, 'completed', '2025-05-20 11:40:48'),
(313, 20, 4555.00, 'completed', '2025-05-13 11:21:09'),
(314, 25, 522.00, 'completed', '2025-05-17 10:25:28'),
(315, 22, 782.00, 'completed', '2025-05-12 18:47:38'),
(316, 17, 3398.00, 'pending', '2025-05-12 15:31:53'),
(317, 74, 1611.00, 'cancelled', '2025-05-24 18:19:24'),
(318, 8, 318.00, 'completed', '2025-05-10 09:25:51'),
(319, 4, 1657.00, 'completed', '2025-05-31 14:18:48'),
(320, 48, 4871.00, 'completed', '2025-05-02 09:38:17'),
(321, 27, 458.00, 'pending', '2025-05-14 20:58:09'),
(322, 4, 1025.00, 'completed', '2025-05-25 15:00:34'),
(323, 55, 731.00, 'completed', '2025-05-20 16:34:17'),
(324, 19, 4153.00, 'cancelled', '2025-05-31 17:53:42'),
(325, 34, 3154.00, 'completed', '2025-05-24 19:07:35'),
(326, 15, 2899.00, 'completed', '2025-05-03 19:27:33'),
(327, 40, 1077.00, 'completed', '2025-05-24 14:27:04'),
(328, 9, 1927.00, 'pending', '2025-05-31 16:32:00'),
(329, 61, 498.00, 'completed', '2025-05-13 20:02:40'),
(330, 9, 1417.00, 'completed', '2025-05-17 10:51:54'),
(331, 10, 8782.00, 'pending', '2025-05-24 20:26:16'),
(332, 25, 754.00, 'completed', '2025-05-21 13:31:59'),
(333, 20, 684.00, 'pending', '2025-05-03 16:44:15'),
(334, 15, 3516.00, 'completed', '2025-05-31 20:57:18'),
(335, 13, 328.00, 'completed', '2025-05-07 10:36:53'),
(336, 4, 71.00, 'pending', '2025-05-17 14:11:14'),
(337, 13, 1002.00, 'completed', '2025-05-24 18:13:19'),
(338, 12, 735.00, 'completed', '2025-05-02 19:00:22'),
(339, 41, 5014.00, 'completed', '2025-05-11 12:59:44'),
(340, 6, 5824.00, 'completed', '2025-05-24 15:08:43'),
(341, 54, 3671.00, 'completed', '2025-05-05 18:28:10'),
(342, 4, 474.00, 'completed', '2025-05-30 18:55:28'),
(343, 6, 39.00, 'completed', '2025-05-31 09:02:27'),
(344, 16, 1398.00, 'completed', '2025-05-17 21:25:10'),
(345, 4, 3571.00, 'completed', '2025-05-09 17:42:34'),
(346, 3, 1057.00, 'cancelled', '2025-05-03 12:18:28'),
(347, 14, 456.00, 'completed', '2025-05-04 21:28:59'),
(348, 16, 5657.00, 'completed', '2025-05-31 18:40:47'),
(349, 5, 916.00, 'completed', '2025-05-20 14:19:35'),
(350, 67, 598.00, 'completed', '2025-05-24 13:54:47'),
(351, 28, 3745.00, 'completed', '2025-05-04 20:09:11'),
(352, 60, 1601.00, 'completed', '2025-05-27 10:57:37'),
(353, 4, 543.00, 'cancelled', '2025-05-04 15:03:29'),
(354, 11, 118.00, 'completed', '2025-05-29 16:18:02'),
(355, 14, 3330.00, 'completed', '2025-05-04 18:29:19'),
(356, 36, 277.00, 'pending', '2025-05-09 14:19:43'),
(357, 78, 6807.00, 'completed', '2025-05-11 18:27:02'),
(358, 26, 666.00, 'completed', '2025-05-29 13:56:53'),
(359, 29, 118.00, 'cancelled', '2025-05-26 18:25:16'),
(360, 3, 376.00, 'cancelled', '2025-05-25 12:19:10'),
(361, 4, 1067.00, 'completed', '2025-05-11 18:49:24'),
(362, 1, 1893.00, 'completed', '2025-05-16 12:45:27'),
(363, 30, 145.00, 'completed', '2025-05-17 20:00:43'),
(364, 4, 129.00, 'pending', '2025-05-31 19:58:43'),
(365, 35, 699.00, 'completed', '2025-05-25 14:02:25'),
(366, 25, 996.00, 'pending', '2025-05-29 19:19:46'),
(367, 2, 207.00, 'completed', '2025-05-06 19:43:08'),
(368, 4, 3299.00, 'pending', '2025-05-14 09:10:44'),
(369, 10, 1252.00, 'completed', '2025-05-26 15:27:11'),
(370, 36, 488.00, 'completed', '2025-05-25 19:16:40'),
(371, 1, 8485.00, 'completed', '2025-05-11 18:37:26'),
(372, 12, 1702.00, 'completed', '2025-05-10 17:45:23'),
(373, 18, 3299.00, 'completed', '2025-05-30 17:19:01'),
(374, 3, 2899.00, 'completed', '2025-05-05 19:44:14'),
(375, 8, 1413.00, 'completed', '2025-05-04 11:58:58'),
(376, 19, 798.00, 'completed', '2025-06-13 11:45:05'),
(377, 24, 276.00, 'completed', '2025-06-17 15:12:13'),
(378, 27, 3973.00, 'cancelled', '2025-06-04 11:35:38'),
(379, 4, 398.00, 'pending', '2025-06-21 20:48:26'),
(380, 24, 1812.00, 'completed', '2025-06-29 17:01:45'),
(381, 7, 720.00, 'pending', '2025-06-15 19:59:15'),
(382, 30, 334.00, 'completed', '2025-06-23 19:16:29'),
(383, 25, 5014.00, 'pending', '2025-06-23 11:52:42'),
(384, 79, 2648.00, 'completed', '2025-06-17 16:45:11'),
(385, 47, 942.00, 'cancelled', '2025-06-04 14:34:08'),
(386, 11, 706.00, 'pending', '2025-06-01 21:41:48'),
(387, 4, 1665.00, 'completed', '2025-06-06 16:51:10'),
(388, 44, 457.00, 'pending', '2025-06-12 11:42:39'),
(389, 45, 1315.00, 'completed', '2025-06-07 19:10:42'),
(390, 42, 844.00, 'completed', '2025-06-05 11:37:40'),
(391, 35, 3412.00, 'pending', '2025-06-02 20:47:08'),
(392, 49, 54.00, 'pending', '2025-06-25 09:01:55'),
(393, 36, 590.00, 'pending', '2025-06-06 11:25:47'),
(394, 5, 1131.00, 'pending', '2025-06-11 16:18:30'),
(395, 27, 7552.00, 'cancelled', '2025-06-01 18:09:29'),
(396, 60, 1668.00, 'completed', '2025-06-12 12:28:42'),
(397, 24, 5084.00, 'completed', '2025-06-08 20:55:04'),
(398, 14, 534.00, 'completed', '2025-06-22 13:07:26'),
(399, 70, 6157.00, 'pending', '2025-06-07 17:28:40'),
(400, 39, 3358.00, 'completed', '2025-06-14 11:32:01'),
(401, 37, 2899.00, 'cancelled', '2025-06-30 20:38:45'),
(402, 2, 1994.00, 'completed', '2025-06-24 14:28:17'),
(403, 26, 5758.00, 'completed', '2025-06-16 15:48:54'),
(404, 79, 2026.00, 'completed', '2025-06-15 11:40:20'),
(405, 10, 4054.00, 'completed', '2025-06-19 11:53:54'),
(406, 78, 799.00, 'completed', '2025-06-28 20:18:34'),
(407, 63, 758.00, 'completed', '2025-06-26 13:13:44'),
(408, 67, 4097.00, 'completed', '2025-06-28 13:00:11'),
(409, 5, 605.00, 'pending', '2025-06-03 09:06:23'),
(410, 2, 516.00, 'cancelled', '2025-06-21 16:44:47'),
(411, 15, 1517.00, 'pending', '2025-06-30 15:28:36'),
(412, 8, 371.00, 'completed', '2025-06-29 10:00:52'),
(413, 74, 4423.00, 'completed', '2025-06-30 19:37:11'),
(414, 10, 4612.00, 'completed', '2025-06-28 11:34:22'),
(415, 53, 227.00, 'completed', '2025-06-17 13:15:30'),
(416, 3, 3433.00, 'completed', '2025-06-29 10:24:53'),
(417, 14, 2208.00, 'completed', '2025-06-05 17:43:44'),
(418, 19, 3575.00, 'pending', '2025-06-15 13:08:13'),
(419, 53, 1338.00, 'cancelled', '2025-06-08 12:38:14'),
(420, 12, 851.00, 'completed', '2025-06-15 13:56:34'),
(421, 79, 4073.00, 'completed', '2025-06-28 18:06:54'),
(422, 13, 1170.00, 'completed', '2025-06-07 11:36:27'),
(423, 12, 11996.00, 'completed', '2025-06-06 11:08:11'),
(424, 8, 1636.00, 'completed', '2025-06-21 15:42:47'),
(425, 11, 498.00, 'cancelled', '2025-06-17 12:58:12'),
(426, 12, 4330.00, 'pending', '2025-06-16 20:08:31'),
(427, 66, 1415.00, 'completed', '2025-06-28 20:27:25'),
(428, 5, 5571.00, 'pending', '2025-06-15 11:16:14'),
(429, 70, 1581.00, 'completed', '2025-06-05 14:41:44'),
(430, 46, 417.00, 'completed', '2025-06-26 17:25:59'),
(431, 15, 516.00, 'completed', '2025-06-12 10:47:29'),
(432, 8, 1034.00, 'completed', '2025-06-24 10:00:39'),
(433, 51, 571.00, 'completed', '2025-06-12 13:05:18'),
(434, 9, 907.00, 'completed', '2025-06-07 16:16:22'),
(435, 5, 847.00, 'cancelled', '2025-06-21 10:44:29'),
(436, 5, 3623.00, 'completed', '2025-06-29 09:51:34'),
(437, 51, 313.00, 'completed', '2025-06-22 17:28:01'),
(438, 2, 1633.00, 'cancelled', '2025-06-29 14:33:28'),
(439, 10, 36.00, 'completed', '2025-06-27 18:09:48'),
(440, 11, 526.00, 'completed', '2025-06-17 16:56:49'),
(441, 59, 6006.00, 'completed', '2025-06-05 14:44:11'),
(442, 75, 5424.00, 'completed', '2025-06-03 18:22:00'),
(443, 59, 6793.00, 'pending', '2025-06-15 16:35:15'),
(444, 75, 1449.00, 'completed', '2025-06-08 14:44:07'),
(445, 14, 3354.00, 'pending', '2025-06-15 20:12:05'),
(446, 13, 1244.00, 'completed', '2025-06-22 20:30:41'),
(447, 2, 6003.00, 'completed', '2025-06-06 19:44:19'),
(448, 2, 2112.00, 'pending', '2025-06-22 13:14:52'),
(449, 13, 3734.00, 'pending', '2025-06-06 18:33:32'),
(450, 22, 177.00, 'pending', '2025-06-10 18:30:29'),
(451, 2, 910.00, 'completed', '2025-06-11 14:51:51'),
(452, 8, 4315.00, 'completed', '2025-06-16 15:20:23'),
(453, 4, 116.00, 'completed', '2025-06-18 15:12:12'),
(454, 26, 465.00, 'completed', '2025-06-14 15:53:27'),
(455, 27, 1962.00, 'pending', '2025-06-30 17:13:14'),
(456, 2, 400.00, 'completed', '2025-06-23 21:50:33'),
(457, 16, 3055.00, 'completed', '2025-06-05 14:55:11'),
(458, 13, 5914.00, 'completed', '2025-06-12 14:57:11'),
(459, 7, 5538.00, 'completed', '2025-06-15 20:34:25'),
(460, 10, 1455.00, 'completed', '2025-06-17 20:22:43'),
(461, 41, 1775.00, 'pending', '2025-06-12 16:37:22'),
(462, 50, 296.00, 'completed', '2025-06-04 17:54:25'),
(463, 11, 6724.00, 'completed', '2025-06-30 18:58:55'),
(464, 12, 973.00, 'completed', '2025-06-27 16:29:20'),
(465, 42, 4269.00, 'pending', '2025-06-06 19:35:28'),
(466, 17, 316.00, 'pending', '2025-06-29 17:38:10'),
(467, 6, 1171.00, 'completed', '2025-06-20 11:52:00'),
(468, 15, 3975.00, 'completed', '2025-06-13 18:16:36'),
(469, 31, 4163.00, 'pending', '2025-06-29 11:07:43'),
(470, 21, 198.00, 'completed', '2025-06-01 11:19:10'),
(471, 13, 576.00, 'pending', '2025-06-26 10:50:44'),
(472, 69, 359.00, 'completed', '2025-06-29 14:26:37'),
(473, 29, 5987.00, 'pending', '2025-06-04 15:13:20'),
(474, 1, 4116.00, 'cancelled', '2025-06-28 10:10:11'),
(475, 31, 2977.00, 'completed', '2025-06-29 18:33:05'),
(476, 68, 2723.00, 'completed', '2025-06-21 17:03:15'),
(477, 24, 448.00, 'completed', '2025-06-06 12:31:28'),
(478, 22, 3458.00, 'completed', '2025-06-21 12:10:59'),
(479, 39, 4277.00, 'completed', '2025-06-12 11:29:32'),
(480, 32, 1145.00, 'completed', '2025-06-20 16:18:37'),
(481, 36, 3556.00, 'completed', '2025-06-04 09:34:33'),
(482, 1, 3300.00, 'pending', '2025-06-07 14:51:52'),
(483, 41, 876.00, 'pending', '2025-06-15 10:47:14'),
(484, 13, 1606.00, 'completed', '2025-06-05 11:12:24'),
(485, 10, 644.00, 'completed', '2025-06-14 14:11:18'),
(486, 14, 658.00, 'pending', '2025-06-28 18:53:09'),
(487, 12, 3710.00, 'completed', '2025-06-17 11:57:46'),
(488, 7, 1603.00, 'completed', '2025-06-01 14:12:37'),
(489, 31, 414.00, 'completed', '2025-06-07 10:43:06'),
(490, 78, 3827.00, 'completed', '2025-06-27 14:39:57'),
(491, 53, 3576.00, 'completed', '2025-06-01 17:56:37'),
(492, 20, 3853.00, 'completed', '2025-06-23 10:54:31'),
(493, 33, 1013.00, 'completed', '2025-06-01 12:19:23'),
(494, 14, 5637.00, 'completed', '2025-06-21 18:00:35'),
(495, 13, 3576.00, 'completed', '2025-06-16 09:19:36'),
(496, 34, 603.00, 'completed', '2025-06-20 18:40:35'),
(497, 38, 2714.00, 'completed', '2025-06-11 10:37:59'),
(498, 9, 1402.00, 'completed', '2025-06-21 10:38:43'),
(499, 34, 116.00, 'completed', '2025-06-28 17:39:54'),
(500, 68, 444.00, 'pending', '2025-06-29 14:31:39');

INSERT INTO order_items (id, order_id, product_id, quantity, unit_price) VALUES
(1, 1, 6, 2, 99.00),
(2, 2, 34, 1, 119.00),
(3, 2, 32, 2, 129.00),
(4, 3, 31, 3, 99.00),
(5, 3, 21, 2, 128.00),
(6, 4, 6, 1, 99.00),
(7, 4, 22, 3, 12.00),
(8, 5, 24, 1, 899.00),
(9, 5, 28, 3, 39.00),
(10, 5, 3, 1, 399.00),
(11, 5, 17, 2, 69.00),
(12, 6, 7, 1, 199.00),
(13, 6, 17, 2, 69.00),
(14, 6, 34, 2, 119.00),
(15, 7, 21, 3, 128.00),
(16, 8, 11, 2, 79.00),
(17, 9, 18, 3, 18.00),
(18, 9, 2, 1, 5499.00),
(19, 9, 3, 1, 399.00),
(20, 10, 25, 2, 89.00),
(21, 10, 30, 3, 259.00),
(22, 11, 3, 2, 399.00),
(23, 11, 12, 1, 129.00),
(24, 12, 20, 2, 59.00),
(25, 13, 10, 3, 49.00),
(26, 14, 6, 3, 99.00),
(27, 14, 30, 2, 259.00),
(28, 14, 37, 1, 699.00),
(29, 15, 24, 1, 899.00),
(30, 15, 19, 2, 29.00),
(31, 16, 29, 3, 79.00),
(32, 16, 28, 2, 39.00),
(33, 16, 30, 1, 259.00),
(34, 17, 12, 1, 129.00),
(35, 18, 9, 1, 359.00),
(36, 19, 35, 3, 459.00),
(37, 19, 1, 1, 3299.00),
(38, 19, 9, 1, 359.00),
(39, 19, 7, 1, 199.00),
(40, 20, 19, 1, 29.00),
(41, 20, 7, 1, 199.00),
(42, 20, 32, 3, 129.00),
(43, 21, 2, 1, 5499.00),
(44, 21, 3, 2, 399.00),
(45, 21, 26, 1, 2499.00),
(46, 22, 1, 1, 3299.00),
(47, 22, 11, 2, 79.00),
(48, 22, 22, 5, 12.00),
(49, 23, 29, 2, 79.00),
(50, 23, 3, 3, 399.00),
(51, 23, 19, 2, 29.00),
(52, 24, 30, 1, 259.00),
(53, 24, 8, 2, 499.00),
(54, 25, 8, 1, 499.00),
(55, 26, 2, 1, 5499.00),
(56, 26, 31, 2, 99.00),
(57, 26, 22, 4, 12.00),
(58, 26, 3, 1, 399.00),
(59, 27, 39, 1, 159.00),
(60, 27, 1, 1, 3299.00),
(61, 27, 18, 2, 18.00),
(62, 27, 7, 2, 199.00),
(63, 27, 11, 3, 79.00),
(64, 28, 27, 1, 299.00),
(65, 28, 10, 3, 49.00),
(66, 28, 1, 1, 3299.00),
(67, 29, 25, 2, 89.00),
(68, 29, 39, 2, 159.00),
(69, 29, 19, 3, 29.00),
(70, 30, 8, 2, 499.00),
(71, 30, 16, 1, 269.00),
(72, 30, 29, 3, 79.00),
(73, 30, 10, 2, 49.00),
(74, 31, 39, 2, 159.00),
(75, 31, 3, 2, 399.00),
(76, 31, 15, 1, 149.00),
(77, 31, 6, 1, 99.00),
(78, 32, 18, 1, 18.00),
(79, 32, 37, 1, 699.00),
(80, 32, 8, 1, 499.00),
(81, 33, 18, 5, 18.00),
(82, 33, 29, 2, 79.00),
(83, 34, 18, 2, 18.00),
(84, 34, 15, 1, 149.00),
(85, 34, 22, 2, 12.00),
(86, 34, 27, 2, 299.00),
(87, 35, 9, 1, 359.00),
(88, 35, 25, 1, 89.00),
(89, 35, 30, 1, 259.00),
(90, 35, 18, 5, 18.00),
(91, 36, 3, 1, 399.00),
(92, 36, 1, 1, 3299.00),
(93, 37, 31, 1, 99.00),
(94, 37, 36, 1, 699.00),
(95, 37, 2, 1, 5499.00),
(96, 37, 10, 1, 49.00),
(97, 37, 13, 1, 59.00),
(98, 38, 1, 1, 3299.00),
(99, 38, 22, 5, 12.00),
(100, 39, 9, 1, 359.00),
(101, 39, 1, 1, 3299.00),
(102, 39, 5, 2, 1299.00),
(103, 39, 13, 1, 59.00),
(104, 40, 39, 2, 159.00),
(105, 40, 28, 2, 39.00),
(106, 40, 30, 2, 259.00),
(107, 41, 13, 2, 59.00),
(108, 41, 12, 1, 129.00),
(109, 42, 6, 1, 99.00),
(110, 42, 21, 1, 128.00),
(111, 42, 18, 4, 18.00),
(112, 42, 38, 1, 329.00),
(113, 43, 14, 1, 2899.00),
(114, 43, 28, 2, 39.00),
(115, 43, 10, 1, 49.00),
(116, 43, 33, 3, 268.00),
(117, 44, 16, 2, 269.00),
(118, 44, 4, 1, 2899.00),
(119, 44, 7, 2, 199.00),
(120, 45, 3, 1, 399.00),
(121, 45, 39, 1, 159.00),
(122, 46, 29, 2, 79.00),
(123, 46, 2, 1, 5499.00),
(124, 46, 6, 3, 99.00),
(125, 47, 6, 1, 99.00),
(126, 47, 36, 1, 699.00),
(127, 47, 27, 2, 299.00),
(128, 48, 7, 2, 199.00),
(129, 48, 13, 1, 59.00),
(130, 48, 34, 2, 119.00),
(131, 49, 20, 3, 59.00),
(132, 49, 4, 1, 2899.00),
(133, 50, 34, 2, 119.00),
(134, 50, 16, 1, 269.00),
(135, 50, 6, 3, 99.00),
(136, 51, 7, 2, 199.00),
(137, 51, 37, 1, 699.00),
(138, 51, 32, 1, 129.00),
(139, 52, 28, 3, 39.00),
(140, 52, 34, 1, 119.00),
(141, 52, 38, 2, 329.00),
(142, 52, 33, 2, 268.00),
(143, 53, 19, 5, 29.00),
(144, 54, 7, 3, 199.00),
(145, 54, 22, 4, 12.00),
(146, 54, 28, 2, 39.00),
(147, 55, 29, 4, 79.00),
(148, 55, 28, 3, 39.00),
(149, 55, 20, 1, 59.00),
(150, 56, 13, 1, 59.00),
(151, 56, 36, 1, 699.00),
(152, 56, 29, 2, 79.00),
(153, 57, 22, 2, 12.00),
(154, 57, 12, 1, 129.00),
(155, 58, 1, 1, 3299.00),
(156, 58, 39, 2, 159.00),
(157, 59, 19, 4, 29.00),
(158, 60, 6, 3, 99.00),
(159, 60, 22, 3, 12.00),
(160, 60, 30, 1, 259.00),
(161, 61, 12, 2, 129.00),
(162, 61, 19, 3, 29.00),
(163, 61, 16, 2, 269.00),
(164, 61, 9, 1, 359.00),
(165, 62, 3, 2, 399.00),
(166, 62, 27, 2, 299.00),
(167, 63, 24, 1, 899.00),
(168, 63, 19, 4, 29.00),
(169, 64, 2, 1, 5499.00),
(170, 64, 18, 2, 18.00),
(171, 64, 9, 2, 359.00),
(172, 64, 19, 3, 29.00),
(173, 64, 35, 1, 459.00),
(174, 65, 33, 2, 268.00),
(175, 65, 7, 1, 199.00),
(176, 66, 19, 5, 29.00),
(177, 66, 11, 3, 79.00),
(178, 66, 7, 2, 199.00),
(179, 66, 25, 1, 89.00),
(180, 67, 12, 3, 129.00),
(181, 67, 9, 1, 359.00),
(182, 68, 2, 1, 5499.00),
(183, 68, 22, 1, 12.00),
(184, 68, 4, 1, 2899.00),
(185, 68, 19, 3, 29.00),
(186, 69, 22, 4, 12.00),
(187, 69, 29, 2, 79.00),
(188, 69, 34, 1, 119.00),
(189, 70, 5, 1, 1299.00),
(190, 70, 34, 1, 119.00),
(191, 71, 35, 1, 459.00),
(192, 71, 6, 2, 99.00),
(193, 71, 11, 2, 79.00),
(194, 72, 32, 1, 129.00),
(195, 72, 22, 5, 12.00),
(196, 73, 22, 4, 12.00),
(197, 73, 16, 1, 269.00),
(198, 73, 8, 3, 499.00),
(199, 74, 5, 1, 1299.00),
(200, 74, 6, 3, 99.00),
(201, 74, 30, 2, 259.00),
(202, 74, 4, 1, 2899.00),
(203, 75, 18, 2, 18.00),
(204, 75, 3, 2, 399.00),
(205, 76, 13, 2, 59.00),
(206, 76, 1, 1, 3299.00),
(207, 76, 3, 2, 399.00),
(208, 77, 21, 1, 128.00),
(209, 77, 2, 1, 5499.00),
(210, 77, 8, 1, 499.00),
(211, 77, 38, 1, 329.00),
(212, 78, 28, 2, 39.00),
(213, 78, 12, 2, 129.00),
(214, 78, 16, 2, 269.00),
(215, 78, 30, 1, 259.00),
(216, 79, 13, 2, 59.00),
(217, 79, 29, 2, 79.00),
(218, 79, 32, 1, 129.00),
(219, 79, 5, 1, 1299.00),
(220, 79, 7, 1, 199.00),
(221, 80, 6, 1, 99.00),
(222, 80, 28, 2, 39.00),
(223, 80, 1, 1, 3299.00),
(224, 81, 29, 3, 79.00),
(225, 81, 9, 1, 359.00),
(226, 81, 1, 1, 3299.00),
(227, 82, 31, 2, 99.00),
(228, 82, 21, 1, 128.00),
(229, 82, 20, 3, 59.00),
(230, 82, 3, 1, 399.00),
(231, 83, 3, 1, 399.00),
(232, 83, 8, 1, 499.00),
(233, 84, 36, 2, 699.00),
(234, 84, 31, 3, 99.00),
(235, 85, 31, 2, 99.00),
(236, 85, 19, 3, 29.00),
(237, 86, 11, 3, 79.00),
(238, 86, 29, 1, 79.00),
(239, 87, 31, 2, 99.00),
(240, 87, 34, 2, 119.00),
(241, 88, 26, 1, 2499.00),
(242, 88, 30, 2, 259.00),
(243, 89, 8, 1, 499.00),
(244, 89, 28, 2, 39.00),
(245, 89, 26, 1, 2499.00),
(246, 90, 28, 3, 39.00),
(247, 90, 27, 1, 299.00),
(248, 90, 18, 2, 18.00),
(249, 91, 10, 3, 49.00),
(250, 91, 20, 3, 59.00),
(251, 92, 27, 3, 299.00),
(252, 93, 1, 1, 3299.00),
(253, 93, 7, 1, 199.00),
(254, 93, 21, 1, 128.00),
(255, 93, 6, 3, 99.00),
(256, 94, 23, 2, 399.00),
(257, 94, 12, 1, 129.00),
(258, 95, 8, 3, 499.00),
(259, 95, 37, 1, 699.00),
(260, 96, 8, 2, 499.00),
(261, 96, 3, 1, 399.00),
(262, 97, 37, 1, 699.00),
(263, 97, 10, 1, 49.00),
(264, 97, 17, 2, 69.00),
(265, 98, 34, 1, 119.00),
(266, 98, 32, 2, 129.00),
(267, 98, 31, 1, 99.00),
(268, 99, 12, 2, 129.00),
(269, 99, 19, 4, 29.00),
(270, 99, 4, 1, 2899.00),
(271, 100, 25, 2, 89.00),
(272, 100, 21, 1, 128.00),
(273, 101, 14, 1, 2899.00),
(274, 101, 9, 2, 359.00),
(275, 101, 36, 1, 699.00),
(276, 101, 37, 1, 699.00),
(277, 102, 3, 2, 399.00),
(278, 102, 12, 1, 129.00),
(279, 102, 18, 3, 18.00),
(280, 103, 20, 2, 59.00),
(281, 103, 3, 1, 399.00),
(282, 104, 32, 2, 129.00),
(283, 104, 31, 1, 99.00),
(284, 105, 10, 4, 49.00),
(285, 105, 34, 3, 119.00),
(286, 106, 32, 2, 129.00),
(287, 106, 31, 1, 99.00),
(288, 107, 17, 2, 69.00),
(289, 107, 9, 2, 359.00),
(290, 107, 4, 1, 2899.00),
(291, 108, 27, 1, 299.00),
(292, 109, 37, 2, 699.00),
(293, 109, 34, 1, 119.00),
(294, 109, 9, 2, 359.00),
(295, 109, 7, 1, 199.00),
(296, 110, 29, 2, 79.00),
(297, 110, 18, 2, 18.00),
(298, 110, 17, 1, 69.00),
(299, 110, 14, 1, 2899.00),
(300, 111, 33, 3, 268.00),
(301, 111, 16, 2, 269.00),
(302, 111, 10, 1, 49.00),
(303, 112, 3, 1, 399.00),
(304, 112, 10, 2, 49.00),
(305, 113, 29, 2, 79.00),
(306, 113, 6, 3, 99.00),
(307, 114, 13, 3, 59.00),
(308, 114, 9, 1, 359.00),
(309, 115, 13, 3, 59.00),
(310, 115, 16, 1, 269.00),
(311, 115, 1, 1, 3299.00),
(312, 115, 39, 3, 159.00),
(313, 116, 38, 2, 329.00),
(314, 116, 12, 2, 129.00),
(315, 116, 8, 1, 499.00),
(316, 116, 16, 2, 269.00),
(317, 117, 7, 2, 199.00),
(318, 117, 10, 1, 49.00),
(319, 118, 3, 1, 399.00),
(320, 119, 30, 1, 259.00),
(321, 120, 10, 2, 49.00),
(322, 120, 1, 1, 3299.00),
(323, 121, 6, 2, 99.00),
(324, 121, 18, 3, 18.00),
(325, 121, 30, 1, 259.00),
(326, 121, 11, 2, 79.00),
(327, 121, 31, 1, 99.00),
(328, 122, 18, 2, 18.00),
(329, 122, 33, 2, 268.00),
(330, 122, 37, 1, 699.00),
(331, 122, 30, 2, 259.00),
(332, 122, 40, 1, 219.00),
(333, 123, 30, 2, 259.00),
(334, 123, 40, 2, 219.00),
(335, 123, 13, 3, 59.00),
(336, 124, 30, 1, 259.00),
(337, 124, 4, 1, 2899.00),
(338, 124, 23, 3, 399.00),
(339, 125, 21, 3, 128.00),
(340, 125, 20, 3, 59.00),
(341, 125, 9, 1, 359.00),
(342, 126, 6, 4, 99.00),
(343, 126, 19, 3, 29.00),
(344, 126, 33, 1, 268.00),
(345, 126, 21, 2, 128.00),
(346, 127, 30, 2, 259.00),
(347, 127, 12, 1, 129.00),
(348, 127, 13, 2, 59.00),
(349, 128, 35, 2, 459.00),
(350, 128, 10, 2, 49.00),
(351, 128, 3, 1, 399.00),
(352, 128, 33, 1, 268.00),
(353, 129, 12, 3, 129.00),
(354, 130, 18, 4, 18.00),
(355, 130, 21, 1, 128.00),
(356, 131, 11, 2, 79.00),
(357, 131, 17, 3, 69.00),
(358, 131, 28, 2, 39.00),
(359, 132, 8, 1, 499.00),
(360, 132, 32, 3, 129.00),
(361, 132, 20, 3, 59.00),
(362, 133, 3, 1, 399.00),
(363, 134, 18, 2, 18.00),
(364, 134, 28, 1, 39.00),
(365, 134, 20, 1, 59.00),
(366, 135, 39, 1, 159.00),
(367, 135, 28, 3, 39.00),
(368, 135, 36, 1, 699.00),
(369, 136, 16, 2, 269.00),
(370, 136, 25, 3, 89.00),
(371, 136, 31, 1, 99.00),
(372, 137, 22, 4, 12.00),
(373, 137, 9, 2, 359.00),
(374, 137, 13, 3, 59.00),
(375, 138, 19, 3, 29.00),
(376, 139, 1, 1, 3299.00),
(377, 139, 13, 2, 59.00),
(378, 139, 26, 1, 2499.00),
(379, 139, 3, 2, 399.00),
(380, 140, 14, 1, 2899.00),
(381, 140, 27, 1, 299.00),
(382, 141, 23, 1, 399.00),
(383, 141, 9, 2, 359.00),
(384, 141, 10, 2, 49.00),
(385, 141, 29, 3, 79.00),
(386, 142, 38, 2, 329.00),
(387, 143, 22, 3, 12.00),
(388, 143, 9, 2, 359.00),
(389, 144, 38, 3, 329.00),
(390, 144, 1, 1, 3299.00),
(391, 144, 15, 3, 149.00),
(392, 144, 17, 2, 69.00),
(393, 145, 6, 2, 99.00),
(394, 145, 3, 2, 399.00),
(395, 145, 11, 4, 79.00),
(396, 145, 14, 1, 2899.00),
(397, 145, 7, 1, 199.00),
(398, 146, 28, 3, 39.00),
(399, 146, 4, 1, 2899.00),
(400, 147, 34, 1, 119.00),
(401, 147, 29, 2, 79.00),
(402, 147, 14, 1, 2899.00),
(403, 148, 19, 3, 29.00),
(404, 148, 30, 1, 259.00),
(405, 148, 21, 3, 128.00),
(406, 149, 31, 1, 99.00),
(407, 149, 30, 1, 259.00),
(408, 149, 21, 2, 128.00),
(409, 149, 39, 1, 159.00),
(410, 149, 34, 1, 119.00),
(411, 150, 18, 3, 18.00),
(412, 150, 21, 3, 128.00),
(413, 150, 14, 1, 2899.00),
(414, 150, 15, 1, 149.00),
(415, 151, 16, 1, 269.00),
(416, 151, 39, 1, 159.00),
(417, 151, 32, 1, 129.00),
(418, 151, 8, 2, 499.00),
(419, 152, 24, 1, 899.00),
(420, 152, 18, 3, 18.00),
(421, 153, 21, 1, 128.00),
(422, 153, 3, 2, 399.00),
(423, 153, 19, 3, 29.00),
(424, 154, 25, 2, 89.00),
(425, 154, 20, 1, 59.00),
(426, 154, 10, 2, 49.00),
(427, 154, 11, 3, 79.00),
(428, 154, 17, 4, 69.00),
(429, 155, 15, 3, 149.00),
(430, 155, 3, 1, 399.00),
(431, 155, 6, 2, 99.00),
(432, 155, 39, 1, 159.00),
(433, 156, 17, 2, 69.00),
(434, 156, 32, 2, 129.00),
(435, 156, 18, 4, 18.00),
(436, 157, 28, 2, 39.00),
(437, 157, 32, 2, 129.00),
(438, 158, 12, 2, 129.00),
(439, 158, 15, 2, 149.00),
(440, 158, 17, 1, 69.00),
(441, 158, 4, 1, 2899.00),
(442, 159, 33, 2, 268.00),
(443, 159, 23, 1, 399.00),
(444, 160, 9, 1, 359.00),
(445, 160, 31, 3, 99.00),
(446, 160, 16, 3, 269.00),
(447, 161, 39, 1, 159.00),
(448, 161, 10, 3, 49.00),
(449, 162, 38, 1, 329.00),
(450, 162, 25, 2, 89.00),
(451, 162, 18, 1, 18.00),
(452, 162, 35, 1, 459.00),
(453, 163, 34, 2, 119.00),
(454, 163, 35, 1, 459.00),
(455, 163, 16, 1, 269.00),
(456, 163, 30, 1, 259.00),
(457, 164, 2, 1, 5499.00),
(458, 164, 39, 1, 159.00),
(459, 165, 39, 2, 159.00),
(460, 165, 3, 1, 399.00),
(461, 165, 18, 3, 18.00),
(462, 166, 22, 2, 12.00),
(463, 166, 25, 1, 89.00),
(464, 166, 6, 4, 99.00),
(465, 166, 1, 1, 3299.00),
(466, 167, 35, 2, 459.00),
(467, 167, 30, 3, 259.00),
(468, 167, 8, 3, 499.00),
(469, 168, 18, 1, 18.00),
(470, 168, 37, 1, 699.00),
(471, 168, 31, 3, 99.00),
(472, 169, 4, 1, 2899.00),
(473, 169, 14, 1, 2899.00),
(474, 170, 2, 1, 5499.00),
(475, 171, 39, 2, 159.00),
(476, 171, 5, 2, 1299.00),
(477, 171, 23, 1, 399.00),
(478, 171, 11, 2, 79.00),
(479, 171, 22, 3, 12.00),
(480, 172, 18, 2, 18.00),
(481, 172, 29, 2, 79.00),
(482, 172, 8, 2, 499.00),
(483, 173, 20, 3, 59.00),
(484, 173, 21, 2, 128.00),
(485, 173, 23, 1, 399.00),
(486, 173, 6, 4, 99.00),
(487, 174, 16, 1, 269.00),
(488, 174, 22, 3, 12.00),
(489, 174, 23, 2, 399.00),
(490, 175, 29, 2, 79.00),
(491, 175, 1, 1, 3299.00),
(492, 175, 19, 4, 29.00),
(493, 176, 13, 2, 59.00),
(494, 176, 18, 3, 18.00),
(495, 176, 3, 2, 399.00),
(496, 177, 21, 2, 128.00),
(497, 177, 31, 2, 99.00),
(498, 178, 34, 3, 119.00),
(499, 178, 18, 4, 18.00),
(500, 178, 32, 2, 129.00),
(501, 179, 22, 4, 12.00),
(502, 179, 35, 2, 459.00),
(503, 180, 1, 1, 3299.00),
(504, 180, 14, 1, 2899.00),
(505, 181, 5, 1, 1299.00),
(506, 181, 37, 1, 699.00),
(507, 181, 1, 1, 3299.00),
(508, 182, 34, 2, 119.00),
(509, 182, 18, 3, 18.00),
(510, 182, 3, 1, 399.00),
(511, 183, 3, 2, 399.00),
(512, 183, 15, 2, 149.00),
(513, 183, 39, 1, 159.00),
(514, 183, 20, 1, 59.00),
(515, 184, 17, 1, 69.00),
(516, 184, 15, 1, 149.00),
(517, 184, 24, 1, 899.00),
(518, 185, 13, 2, 59.00),
(519, 185, 6, 1, 99.00),
(520, 185, 29, 2, 79.00),
(521, 185, 16, 2, 269.00),
(522, 186, 6, 3, 99.00),
(523, 186, 3, 2, 399.00),
(524, 187, 33, 3, 268.00),
(525, 187, 28, 2, 39.00),
(526, 188, 22, 5, 12.00),
(527, 188, 18, 2, 18.00),
(528, 189, 9, 1, 359.00),
(529, 190, 10, 2, 49.00),
(530, 190, 3, 3, 399.00),
(531, 191, 9, 2, 359.00),
(532, 191, 15, 2, 149.00),
(533, 191, 32, 2, 129.00),
(534, 191, 28, 3, 39.00),
(535, 192, 27, 1, 299.00),
(536, 192, 3, 1, 399.00),
(537, 192, 8, 1, 499.00),
(538, 193, 12, 3, 129.00),
(539, 194, 17, 1, 69.00),
(540, 194, 27, 1, 299.00),
(541, 194, 38, 3, 329.00),
(542, 195, 3, 2, 399.00),
(543, 195, 25, 3, 89.00),
(544, 195, 13, 4, 59.00),
(545, 196, 20, 2, 59.00),
(546, 196, 2, 1, 5499.00),
(547, 196, 6, 1, 99.00),
(548, 196, 16, 2, 269.00),
(549, 197, 31, 3, 99.00),
(550, 197, 34, 1, 119.00),
(551, 197, 20, 3, 59.00),
(552, 198, 4, 1, 2899.00),
(553, 198, 38, 1, 329.00),
(554, 198, 8, 2, 499.00),
(555, 199, 33, 2, 268.00),
(556, 200, 11, 1, 79.00),
(557, 200, 20, 1, 59.00),
(558, 200, 12, 1, 129.00),
(559, 201, 29, 4, 79.00),
(560, 201, 23, 3, 399.00),
(561, 202, 8, 2, 499.00),
(562, 202, 30, 2, 259.00),
(563, 202, 15, 2, 149.00),
(564, 203, 7, 1, 199.00),
(565, 203, 38, 2, 329.00),
(566, 203, 8, 2, 499.00),
(567, 204, 22, 3, 12.00),
(568, 204, 13, 1, 59.00),
(569, 205, 17, 4, 69.00),
(570, 205, 26, 1, 2499.00),
(571, 205, 39, 1, 159.00),
(572, 205, 31, 2, 99.00),
(573, 206, 30, 3, 259.00),
(574, 206, 29, 1, 79.00),
(575, 206, 33, 1, 268.00),
(576, 207, 13, 3, 59.00),
(577, 207, 29, 3, 79.00),
(578, 208, 20, 2, 59.00),
(579, 208, 19, 4, 29.00),
(580, 208, 13, 3, 59.00),
(581, 209, 1, 1, 3299.00),
(582, 210, 40, 2, 219.00),
(583, 211, 2, 1, 5499.00),
(584, 211, 19, 4, 29.00),
(585, 212, 34, 1, 119.00),
(586, 212, 36, 1, 699.00),
(587, 212, 29, 4, 79.00),
(588, 213, 28, 2, 39.00),
(589, 213, 13, 2, 59.00),
(590, 214, 11, 3, 79.00),
(591, 214, 6, 3, 99.00),
(592, 214, 37, 2, 699.00),
(593, 215, 20, 3, 59.00),
(594, 215, 2, 1, 5499.00),
(595, 215, 39, 1, 159.00),
(596, 216, 34, 1, 119.00),
(597, 216, 7, 2, 199.00),
(598, 216, 10, 2, 49.00),
(599, 216, 3, 1, 399.00),
(600, 216, 40, 2, 219.00),
(601, 217, 19, 4, 29.00),
(602, 217, 16, 2, 269.00),
(603, 217, 3, 2, 399.00),
(604, 217, 29, 2, 79.00),
(605, 218, 32, 1, 129.00),
(606, 218, 34, 2, 119.00),
(607, 219, 1, 1, 3299.00),
(608, 219, 3, 2, 399.00),
(609, 220, 1, 1, 3299.00),
(610, 221, 21, 3, 128.00),
(611, 221, 31, 1, 99.00),
(612, 222, 29, 1, 79.00),
(613, 223, 21, 2, 128.00),
(614, 223, 22, 5, 12.00),
(615, 223, 30, 3, 259.00),
(616, 224, 32, 1, 129.00),
(617, 225, 10, 2, 49.00),
(618, 225, 18, 4, 18.00),
(619, 226, 26, 1, 2499.00),
(620, 226, 9, 1, 359.00),
(621, 226, 4, 1, 2899.00),
(622, 227, 14, 1, 2899.00),
(623, 227, 19, 2, 29.00),
(624, 227, 29, 1, 79.00),
(625, 228, 8, 1, 499.00),
(626, 228, 6, 3, 99.00),
(627, 228, 10, 2, 49.00),
(628, 229, 1, 1, 3299.00),
(629, 229, 21, 2, 128.00),
(630, 229, 7, 1, 199.00),
(631, 230, 21, 2, 128.00),
(632, 230, 30, 2, 259.00),
(633, 230, 6, 3, 99.00),
(634, 231, 35, 3, 459.00),
(635, 231, 32, 2, 129.00),
(636, 231, 1, 1, 3299.00),
(637, 232, 3, 1, 399.00),
(638, 232, 22, 3, 12.00),
(639, 233, 9, 2, 359.00),
(640, 233, 31, 2, 99.00),
(641, 234, 31, 2, 99.00),
(642, 234, 27, 1, 299.00),
(643, 234, 38, 2, 329.00),
(644, 235, 32, 1, 129.00),
(645, 235, 33, 1, 268.00),
(646, 236, 36, 1, 699.00),
(647, 236, 37, 1, 699.00),
(648, 237, 1, 1, 3299.00),
(649, 237, 27, 1, 299.00),
(650, 238, 7, 1, 199.00),
(651, 239, 32, 1, 129.00),
(652, 239, 2, 1, 5499.00),
(653, 240, 1, 1, 3299.00),
(654, 240, 13, 2, 59.00),
(655, 240, 31, 2, 99.00),
(656, 240, 34, 2, 119.00),
(657, 241, 20, 3, 59.00),
(658, 241, 7, 1, 199.00),
(659, 241, 28, 2, 39.00),
(660, 241, 3, 2, 399.00),
(661, 242, 32, 3, 129.00),
(662, 243, 24, 1, 899.00),
(663, 243, 22, 4, 12.00),
(664, 244, 4, 1, 2899.00),
(665, 244, 30, 3, 259.00),
(666, 245, 30, 2, 259.00),
(667, 245, 40, 1, 219.00),
(668, 246, 32, 1, 129.00),
(669, 247, 12, 2, 129.00),
(670, 247, 19, 5, 29.00),
(671, 247, 37, 1, 699.00),
(672, 247, 1, 1, 3299.00),
(673, 248, 4, 1, 2899.00),
(674, 248, 15, 1, 149.00),
(675, 248, 13, 4, 59.00),
(676, 248, 20, 3, 59.00),
(677, 248, 10, 2, 49.00),
(678, 249, 29, 2, 79.00),
(679, 249, 4, 1, 2899.00),
(680, 249, 20, 1, 59.00),
(681, 250, 1, 1, 3299.00),
(682, 250, 3, 2, 399.00),
(683, 250, 30, 1, 259.00),
(684, 250, 27, 1, 299.00),
(685, 251, 18, 4, 18.00),
(686, 251, 13, 1, 59.00),
(687, 251, 6, 3, 99.00),
(688, 252, 20, 3, 59.00),
(689, 252, 34, 2, 119.00),
(690, 252, 3, 1, 399.00),
(691, 253, 18, 4, 18.00),
(692, 253, 10, 3, 49.00),
(693, 253, 34, 2, 119.00),
(694, 254, 31, 1, 99.00),
(695, 255, 2, 1, 5499.00),
(696, 255, 5, 1, 1299.00),
(697, 255, 32, 2, 129.00),
(698, 256, 22, 4, 12.00),
(699, 256, 17, 3, 69.00),
(700, 257, 40, 1, 219.00),
(701, 257, 11, 3, 79.00),
(702, 257, 28, 3, 39.00),
(703, 257, 15, 2, 149.00),
(704, 257, 29, 3, 79.00),
(705, 258, 28, 4, 39.00),
(706, 258, 21, 1, 128.00),
(707, 258, 13, 2, 59.00),
(708, 258, 27, 3, 299.00),
(709, 258, 30, 2, 259.00),
(710, 259, 13, 3, 59.00),
(711, 259, 11, 3, 79.00),
(712, 260, 30, 1, 259.00),
(713, 260, 18, 4, 18.00),
(714, 260, 29, 2, 79.00),
(715, 261, 38, 1, 329.00),
(716, 261, 13, 2, 59.00),
(717, 261, 3, 2, 399.00),
(718, 261, 39, 3, 159.00),
(719, 262, 18, 4, 18.00),
(720, 263, 39, 1, 159.00),
(721, 263, 6, 1, 99.00),
(722, 263, 38, 1, 329.00),
(723, 263, 18, 2, 18.00),
(724, 264, 30, 2, 259.00),
(725, 264, 19, 2, 29.00),
(726, 265, 15, 1, 149.00),
(727, 265, 28, 2, 39.00),
(728, 266, 18, 1, 18.00),
(729, 266, 14, 1, 2899.00),
(730, 266, 4, 1, 2899.00),
(731, 267, 22, 3, 12.00),
(732, 267, 12, 2, 129.00),
(733, 267, 7, 1, 199.00),
(734, 268, 3, 2, 399.00),
(735, 268, 17, 3, 69.00),
(736, 269, 3, 2, 399.00),
(737, 270, 4, 1, 2899.00),
(738, 270, 9, 1, 359.00),
(739, 270, 40, 2, 219.00),
(740, 271, 28, 2, 39.00),
(741, 271, 1, 1, 3299.00),
(742, 271, 39, 3, 159.00),
(743, 271, 18, 2, 18.00),
(744, 272, 18, 5, 18.00),
(745, 272, 33, 3, 268.00),
(746, 273, 33, 2, 268.00),
(747, 273, 31, 2, 99.00),
(748, 274, 30, 2, 259.00),
(749, 274, 33, 2, 268.00),
(750, 274, 29, 1, 79.00),
(751, 275, 31, 1, 99.00),
(752, 275, 4, 1, 2899.00),
(753, 275, 11, 3, 79.00),
(754, 275, 6, 4, 99.00),
(755, 276, 4, 1, 2899.00),
(756, 276, 22, 3, 12.00),
(757, 276, 14, 1, 2899.00),
(758, 277, 1, 1, 3299.00),
(759, 277, 32, 1, 129.00),
(760, 277, 17, 2, 69.00),
(761, 278, 32, 3, 129.00),
(762, 278, 18, 3, 18.00),
(763, 278, 39, 2, 159.00),
(764, 278, 20, 2, 59.00),
(765, 279, 29, 1, 79.00),
(766, 280, 20, 3, 59.00),
(767, 280, 37, 1, 699.00),
(768, 281, 30, 2, 259.00),
(769, 281, 17, 3, 69.00),
(770, 282, 35, 2, 459.00),
(771, 282, 15, 1, 149.00),
(772, 283, 38, 1, 329.00),
(773, 283, 22, 2, 12.00),
(774, 283, 18, 2, 18.00),
(775, 283, 34, 2, 119.00),
(776, 284, 5, 1, 1299.00),
(777, 284, 8, 2, 499.00),
(778, 284, 32, 1, 129.00),
(779, 284, 1, 1, 3299.00),
(780, 285, 9, 2, 359.00),
(781, 285, 1, 1, 3299.00),
(782, 285, 13, 3, 59.00),
(783, 286, 17, 1, 69.00),
(784, 286, 3, 1, 399.00),
(785, 287, 19, 3, 29.00),
(786, 287, 32, 1, 129.00),
(787, 287, 24, 1, 899.00),
(788, 287, 27, 2, 299.00),
(789, 288, 3, 1, 399.00),
(790, 288, 16, 2, 269.00),
(791, 289, 21, 3, 128.00),
(792, 290, 30, 2, 259.00),
(793, 290, 19, 3, 29.00),
(794, 290, 15, 3, 149.00),
(795, 291, 16, 2, 269.00),
(796, 292, 8, 1, 499.00),
(797, 292, 18, 3, 18.00),
(798, 292, 14, 1, 2899.00),
(799, 293, 23, 1, 399.00),
(800, 294, 19, 3, 29.00),
(801, 295, 15, 1, 149.00),
(802, 295, 31, 1, 99.00),
(803, 295, 3, 1, 399.00),
(804, 295, 2, 1, 5499.00),
(805, 296, 15, 3, 149.00),
(806, 296, 28, 3, 39.00),
(807, 296, 11, 3, 79.00),
(808, 297, 2, 1, 5499.00),
(809, 297, 38, 1, 329.00),
(810, 298, 31, 2, 99.00),
(811, 298, 39, 2, 159.00),
(812, 299, 4, 1, 2899.00),
(813, 299, 1, 1, 3299.00),
(814, 300, 6, 4, 99.00),
(815, 300, 15, 2, 149.00),
(816, 300, 40, 3, 219.00),
(817, 301, 15, 1, 149.00),
(818, 302, 3, 1, 399.00),
(819, 302, 37, 2, 699.00),
(820, 303, 34, 3, 119.00),
(821, 303, 15, 3, 149.00),
(822, 304, 3, 1, 399.00),
(823, 304, 38, 2, 329.00),
(824, 304, 26, 1, 2499.00),
(825, 305, 30, 2, 259.00),
(826, 305, 32, 1, 129.00),
(827, 305, 35, 1, 459.00),
(828, 306, 10, 3, 49.00),
(829, 306, 25, 3, 89.00),
(830, 306, 18, 4, 18.00),
(831, 306, 4, 1, 2899.00),
(832, 307, 1, 1, 3299.00),
(833, 307, 7, 2, 199.00),
(834, 308, 7, 2, 199.00),
(835, 308, 39, 2, 159.00),
(836, 308, 19, 3, 29.00),
(837, 308, 30, 1, 259.00),
(838, 309, 21, 2, 128.00),
(839, 309, 31, 4, 99.00),
(840, 309, 33, 1, 268.00),
(841, 310, 33, 1, 268.00),
(842, 310, 30, 2, 259.00),
(843, 310, 40, 1, 219.00),
(844, 310, 13, 1, 59.00),
(845, 311, 37, 2, 699.00),
(846, 312, 20, 3, 59.00),
(847, 312, 34, 1, 119.00),
(848, 312, 32, 1, 129.00),
(849, 312, 3, 2, 399.00),
(850, 313, 20, 1, 59.00),
(851, 313, 3, 3, 399.00),
(852, 313, 1, 1, 3299.00),
(853, 314, 17, 3, 69.00),
(854, 314, 28, 2, 39.00),
(855, 314, 29, 3, 79.00),
(856, 315, 25, 3, 89.00),
(857, 315, 3, 1, 399.00),
(858, 315, 19, 4, 29.00),
(859, 316, 1, 1, 3299.00),
(860, 316, 31, 1, 99.00),
(861, 317, 30, 3, 259.00),
(862, 317, 23, 2, 399.00),
(863, 317, 18, 2, 18.00),
(864, 318, 39, 2, 159.00),
(865, 319, 37, 2, 699.00),
(866, 319, 30, 1, 259.00),
(867, 320, 18, 3, 18.00),
(868, 320, 5, 1, 1299.00),
(869, 320, 40, 1, 219.00),
(870, 320, 1, 1, 3299.00),
(871, 321, 30, 1, 259.00),
(872, 321, 7, 1, 199.00),
(873, 322, 36, 1, 699.00),
(874, 322, 18, 3, 18.00),
(875, 322, 22, 3, 12.00),
(876, 322, 20, 4, 59.00),
(877, 323, 22, 2, 12.00),
(878, 323, 25, 1, 89.00),
(879, 323, 30, 1, 259.00),
(880, 323, 9, 1, 359.00),
(881, 324, 30, 1, 259.00),
(882, 324, 1, 1, 3299.00),
(883, 324, 31, 2, 99.00),
(884, 324, 33, 1, 268.00),
(885, 324, 32, 1, 129.00),
(886, 325, 20, 3, 59.00),
(887, 325, 4, 1, 2899.00),
(888, 325, 28, 2, 39.00),
(889, 326, 4, 1, 2899.00),
(890, 327, 9, 3, 359.00),
(891, 328, 36, 1, 699.00),
(892, 328, 38, 1, 329.00),
(893, 328, 24, 1, 899.00),
(894, 329, 6, 1, 99.00),
(895, 329, 3, 1, 399.00),
(896, 330, 20, 2, 59.00),
(897, 330, 5, 1, 1299.00),
(898, 331, 4, 1, 2899.00),
(899, 331, 2, 1, 5499.00),
(900, 331, 21, 3, 128.00),
(901, 332, 18, 2, 18.00),
(902, 332, 9, 2, 359.00),
(903, 333, 6, 3, 99.00),
(904, 333, 12, 3, 129.00),
(905, 334, 20, 2, 59.00),
(906, 334, 1, 1, 3299.00),
(907, 334, 31, 1, 99.00),
(908, 335, 7, 1, 199.00),
(909, 335, 12, 1, 129.00),
(910, 336, 22, 1, 12.00),
(911, 336, 13, 1, 59.00),
(912, 337, 38, 1, 329.00),
(913, 337, 13, 4, 59.00),
(914, 337, 28, 2, 39.00),
(915, 337, 9, 1, 359.00),
(916, 338, 15, 2, 149.00),
(917, 338, 28, 2, 39.00),
(918, 338, 9, 1, 359.00),
(919, 339, 21, 1, 128.00),
(920, 339, 32, 1, 129.00),
(921, 339, 22, 5, 12.00),
(922, 339, 1, 1, 3299.00),
(923, 339, 36, 2, 699.00),
(924, 340, 20, 2, 59.00),
(925, 340, 2, 1, 5499.00),
(926, 340, 17, 3, 69.00),
(927, 341, 1, 1, 3299.00),
(928, 341, 18, 3, 18.00),
(929, 341, 39, 2, 159.00),
(930, 342, 19, 3, 29.00),
(931, 342, 20, 2, 59.00),
(932, 342, 16, 1, 269.00),
(933, 343, 28, 1, 39.00),
(934, 344, 36, 2, 699.00),
(935, 345, 34, 1, 119.00),
(936, 345, 31, 1, 99.00),
(937, 345, 1, 1, 3299.00),
(938, 345, 18, 3, 18.00),
(939, 346, 8, 2, 499.00),
(940, 346, 13, 1, 59.00),
(941, 347, 31, 3, 99.00),
(942, 347, 39, 1, 159.00),
(943, 348, 2, 1, 5499.00),
(944, 348, 11, 2, 79.00),
(945, 349, 13, 2, 59.00),
(946, 349, 23, 2, 399.00),
(947, 350, 27, 2, 299.00),
(948, 351, 22, 5, 12.00),
(949, 351, 14, 1, 2899.00),
(950, 351, 32, 1, 129.00),
(951, 351, 40, 3, 219.00),
(952, 352, 9, 1, 359.00),
(953, 352, 29, 3, 79.00),
(954, 352, 3, 2, 399.00),
(955, 352, 17, 3, 69.00),
(956, 353, 11, 3, 79.00),
(957, 353, 32, 1, 129.00),
(958, 353, 19, 2, 29.00),
(959, 353, 34, 1, 119.00),
(960, 354, 20, 2, 59.00),
(961, 355, 17, 2, 69.00),
(962, 355, 20, 3, 59.00),
(963, 355, 14, 1, 2899.00),
(964, 355, 19, 4, 29.00),
(965, 356, 29, 2, 79.00),
(966, 356, 34, 1, 119.00),
(967, 357, 27, 1, 299.00),
(968, 357, 18, 3, 18.00),
(969, 357, 1, 1, 3299.00),
(970, 357, 4, 1, 2899.00),
(971, 357, 21, 2, 128.00),
(972, 358, 25, 3, 89.00),
(973, 358, 3, 1, 399.00),
(974, 359, 13, 2, 59.00),
(975, 360, 17, 2, 69.00),
(976, 360, 34, 2, 119.00),
(977, 361, 3, 2, 399.00),
(978, 361, 16, 1, 269.00),
(979, 362, 6, 4, 99.00),
(980, 362, 8, 3, 499.00),
(981, 363, 19, 5, 29.00),
(982, 364, 32, 1, 129.00),
(983, 365, 37, 1, 699.00),
(984, 366, 6, 3, 99.00),
(985, 366, 37, 1, 699.00),
(986, 367, 17, 3, 69.00),
(987, 368, 1, 1, 3299.00),
(988, 369, 38, 1, 329.00),
(989, 369, 24, 1, 899.00),
(990, 369, 22, 2, 12.00),
(991, 370, 16, 1, 269.00),
(992, 370, 40, 1, 219.00),
(993, 371, 2, 1, 5499.00),
(994, 371, 19, 3, 29.00),
(995, 371, 4, 1, 2899.00),
(996, 372, 28, 2, 39.00),
(997, 372, 9, 1, 359.00),
(998, 372, 8, 2, 499.00),
(999, 372, 25, 3, 89.00),
(1000, 373, 1, 1, 3299.00),
(1001, 374, 4, 1, 2899.00),
(1002, 375, 40, 2, 219.00),
(1003, 375, 30, 2, 259.00),
(1004, 375, 11, 2, 79.00),
(1005, 375, 27, 1, 299.00),
(1006, 376, 6, 1, 99.00),
(1007, 376, 37, 1, 699.00),
(1008, 377, 28, 1, 39.00),
(1009, 377, 29, 3, 79.00),
(1010, 378, 1, 1, 3299.00),
(1011, 378, 3, 1, 399.00),
(1012, 378, 11, 2, 79.00),
(1013, 378, 28, 3, 39.00),
(1014, 379, 9, 1, 359.00),
(1015, 379, 28, 1, 39.00),
(1016, 380, 9, 1, 359.00),
(1017, 380, 28, 2, 39.00),
(1018, 380, 12, 2, 129.00),
(1019, 380, 34, 1, 119.00),
(1020, 380, 8, 2, 499.00),
(1021, 381, 18, 3, 18.00),
(1022, 381, 10, 1, 49.00),
(1023, 381, 13, 2, 59.00),
(1024, 381, 8, 1, 499.00),
(1025, 382, 28, 4, 39.00),
(1026, 382, 25, 2, 89.00),
(1027, 383, 31, 3, 99.00),
(1028, 383, 5, 1, 1299.00),
(1029, 383, 1, 1, 3299.00),
(1030, 383, 34, 1, 119.00),
(1031, 384, 15, 1, 149.00),
(1032, 384, 26, 1, 2499.00),
(1033, 385, 21, 2, 128.00),
(1034, 385, 39, 1, 159.00),
(1035, 385, 32, 1, 129.00),
(1036, 385, 7, 2, 199.00),
(1037, 386, 8, 1, 499.00),
(1038, 386, 12, 1, 129.00),
(1039, 386, 28, 2, 39.00),
(1040, 387, 32, 1, 129.00),
(1041, 387, 11, 3, 79.00),
(1042, 387, 5, 1, 1299.00),
(1043, 388, 13, 1, 59.00),
(1044, 388, 7, 2, 199.00),
(1045, 389, 9, 3, 359.00),
(1046, 389, 34, 2, 119.00),
(1047, 390, 9, 1, 359.00),
(1048, 390, 13, 4, 59.00),
(1049, 390, 18, 4, 18.00),
(1050, 390, 20, 3, 59.00),
(1051, 391, 4, 1, 2899.00),
(1052, 391, 19, 4, 29.00),
(1053, 391, 10, 2, 49.00),
(1054, 391, 27, 1, 299.00),
(1055, 392, 18, 3, 18.00),
(1056, 393, 18, 3, 18.00),
(1057, 393, 12, 3, 129.00),
(1058, 393, 15, 1, 149.00),
(1059, 394, 3, 2, 399.00),
(1060, 394, 6, 3, 99.00),
(1061, 394, 22, 3, 12.00),
(1062, 395, 20, 1, 59.00),
(1063, 395, 8, 3, 499.00),
(1064, 395, 10, 2, 49.00),
(1065, 395, 23, 1, 399.00),
(1066, 395, 2, 1, 5499.00),
(1067, 396, 20, 3, 59.00),
(1068, 396, 9, 3, 359.00),
(1069, 396, 6, 3, 99.00),
(1070, 396, 28, 3, 39.00),
(1071, 397, 1, 1, 3299.00),
(1072, 397, 5, 1, 1299.00),
(1073, 397, 23, 1, 399.00),
(1074, 397, 19, 3, 29.00),
(1075, 398, 32, 2, 129.00),
(1076, 398, 28, 2, 39.00),
(1077, 398, 6, 2, 99.00),
(1078, 399, 2, 1, 5499.00),
(1079, 399, 38, 2, 329.00),
(1080, 400, 1, 1, 3299.00),
(1081, 400, 13, 1, 59.00),
(1082, 401, 4, 1, 2899.00),
(1083, 402, 30, 2, 259.00),
(1084, 402, 5, 1, 1299.00),
(1085, 402, 20, 3, 59.00),
(1086, 403, 30, 1, 259.00),
(1087, 403, 2, 1, 5499.00),
(1088, 404, 38, 1, 329.00),
(1089, 404, 37, 1, 699.00),
(1090, 404, 8, 2, 499.00),
(1091, 405, 9, 1, 359.00),
(1092, 405, 31, 4, 99.00),
(1093, 405, 1, 1, 3299.00),
(1094, 406, 13, 2, 59.00),
(1095, 406, 6, 3, 99.00),
(1096, 406, 21, 3, 128.00),
(1097, 407, 35, 1, 459.00),
(1098, 407, 27, 1, 299.00),
(1099, 408, 1, 1, 3299.00),
(1100, 408, 3, 2, 399.00),
(1101, 409, 39, 1, 159.00),
(1102, 409, 25, 1, 89.00),
(1103, 409, 34, 3, 119.00),
(1104, 410, 30, 1, 259.00),
(1105, 410, 39, 1, 159.00),
(1106, 410, 10, 2, 49.00),
(1107, 411, 18, 3, 18.00),
(1108, 411, 34, 1, 119.00),
(1109, 411, 25, 3, 89.00),
(1110, 411, 9, 3, 359.00),
(1111, 412, 22, 1, 12.00),
(1112, 412, 9, 1, 359.00),
(1113, 413, 15, 3, 149.00),
(1114, 413, 9, 3, 359.00),
(1115, 413, 4, 1, 2899.00),
(1116, 414, 1, 1, 3299.00),
(1117, 414, 21, 1, 128.00),
(1118, 414, 38, 3, 329.00),
(1119, 414, 31, 2, 99.00),
(1120, 415, 10, 2, 49.00),
(1121, 415, 12, 1, 129.00),
(1122, 416, 16, 2, 269.00),
(1123, 416, 8, 3, 499.00),
(1124, 416, 37, 2, 699.00),
(1125, 417, 32, 2, 129.00),
(1126, 417, 9, 3, 359.00),
(1127, 417, 10, 2, 49.00),
(1128, 417, 38, 2, 329.00),
(1129, 417, 28, 3, 39.00),
(1130, 418, 1, 1, 3299.00),
(1131, 418, 31, 2, 99.00),
(1132, 418, 28, 2, 39.00),
(1133, 419, 5, 1, 1299.00),
(1134, 419, 28, 1, 39.00),
(1135, 420, 33, 2, 268.00),
(1136, 420, 6, 2, 99.00),
(1137, 420, 28, 3, 39.00),
(1138, 421, 32, 2, 129.00),
(1139, 421, 40, 1, 219.00),
(1140, 421, 1, 1, 3299.00),
(1141, 421, 6, 3, 99.00),
(1142, 422, 25, 1, 89.00),
(1143, 422, 16, 3, 269.00),
(1144, 422, 34, 2, 119.00),
(1145, 422, 18, 2, 18.00),
(1146, 423, 36, 1, 699.00),
(1147, 423, 1, 1, 3299.00),
(1148, 423, 2, 1, 5499.00),
(1149, 423, 26, 1, 2499.00),
(1150, 424, 23, 1, 399.00),
(1151, 424, 37, 1, 699.00),
(1152, 424, 16, 2, 269.00),
(1153, 425, 22, 5, 12.00),
(1154, 425, 29, 1, 79.00),
(1155, 425, 9, 1, 359.00),
(1156, 426, 1, 1, 3299.00),
(1157, 426, 33, 3, 268.00),
(1158, 426, 10, 2, 49.00),
(1159, 426, 32, 1, 129.00),
(1160, 427, 3, 2, 399.00),
(1161, 427, 30, 2, 259.00),
(1162, 427, 31, 1, 99.00),
(1163, 428, 18, 4, 18.00),
(1164, 428, 2, 1, 5499.00),
(1165, 429, 40, 1, 219.00),
(1166, 429, 25, 3, 89.00),
(1167, 429, 6, 3, 99.00),
(1168, 429, 23, 2, 399.00),
(1169, 430, 40, 1, 219.00),
(1170, 430, 6, 2, 99.00),
(1171, 431, 18, 3, 18.00),
(1172, 431, 32, 1, 129.00),
(1173, 431, 6, 3, 99.00),
(1174, 431, 22, 3, 12.00),
(1175, 432, 11, 4, 79.00),
(1176, 432, 9, 2, 359.00),
(1177, 433, 18, 4, 18.00),
(1178, 433, 8, 1, 499.00),
(1179, 434, 19, 2, 29.00),
(1180, 434, 21, 3, 128.00),
(1181, 434, 39, 2, 159.00),
(1182, 434, 10, 3, 49.00),
(1183, 435, 3, 1, 399.00),
(1184, 435, 38, 1, 329.00),
(1185, 435, 34, 1, 119.00),
(1186, 436, 1, 1, 3299.00),
(1187, 436, 10, 4, 49.00),
(1188, 436, 21, 1, 128.00),
(1189, 437, 18, 3, 18.00),
(1190, 437, 30, 1, 259.00),
(1191, 438, 32, 2, 129.00),
(1192, 438, 3, 3, 399.00),
(1193, 438, 25, 2, 89.00),
(1194, 439, 18, 2, 18.00),
(1195, 440, 11, 1, 79.00),
(1196, 440, 15, 3, 149.00),
(1197, 441, 12, 1, 129.00),
(1198, 441, 34, 1, 119.00),
(1199, 441, 30, 1, 259.00),
(1200, 441, 2, 1, 5499.00),
(1201, 442, 36, 2, 699.00),
(1202, 442, 4, 1, 2899.00),
(1203, 442, 3, 2, 399.00),
(1204, 442, 38, 1, 329.00),
(1205, 443, 7, 1, 199.00),
(1206, 443, 6, 3, 99.00),
(1207, 443, 3, 2, 399.00),
(1208, 443, 2, 1, 5499.00),
(1209, 444, 16, 2, 269.00),
(1210, 444, 21, 2, 128.00),
(1211, 444, 31, 4, 99.00),
(1212, 444, 30, 1, 259.00),
(1213, 445, 37, 2, 699.00),
(1214, 445, 11, 2, 79.00),
(1215, 445, 5, 1, 1299.00),
(1216, 445, 8, 1, 499.00),
(1217, 446, 9, 3, 359.00),
(1218, 446, 21, 1, 128.00),
(1219, 446, 28, 1, 39.00),
(1220, 447, 17, 2, 69.00),
(1221, 447, 13, 2, 59.00),
(1222, 447, 12, 1, 129.00),
(1223, 447, 2, 1, 5499.00),
(1224, 447, 34, 1, 119.00),
(1225, 448, 11, 1, 79.00),
(1226, 448, 23, 2, 399.00),
(1227, 448, 37, 1, 699.00),
(1228, 448, 33, 2, 268.00),
(1229, 449, 38, 2, 329.00),
(1230, 449, 4, 1, 2899.00),
(1231, 449, 20, 3, 59.00),
(1232, 450, 13, 3, 59.00),
(1233, 451, 21, 1, 128.00),
(1234, 451, 28, 3, 39.00),
(1235, 451, 10, 3, 49.00),
(1236, 451, 30, 2, 259.00),
(1237, 452, 26, 1, 2499.00),
(1238, 452, 5, 1, 1299.00),
(1239, 452, 30, 1, 259.00),
(1240, 452, 32, 2, 129.00),
(1241, 453, 19, 4, 29.00),
(1242, 454, 28, 3, 39.00),
(1243, 454, 25, 1, 89.00),
(1244, 454, 30, 1, 259.00),
(1245, 455, 30, 2, 259.00),
(1246, 455, 38, 3, 329.00),
(1247, 455, 7, 1, 199.00),
(1248, 455, 32, 2, 129.00),
(1249, 456, 13, 2, 59.00),
(1250, 456, 32, 2, 129.00),
(1251, 456, 22, 2, 12.00),
(1252, 457, 18, 3, 18.00),
(1253, 457, 22, 2, 12.00),
(1254, 457, 28, 2, 39.00),
(1255, 457, 4, 1, 2899.00),
(1256, 458, 20, 2, 59.00),
(1257, 458, 6, 3, 99.00),
(1258, 458, 2, 1, 5499.00),
(1259, 459, 2, 1, 5499.00),
(1260, 459, 28, 1, 39.00),
(1261, 460, 3, 2, 399.00),
(1262, 460, 8, 1, 499.00),
(1263, 460, 11, 2, 79.00),
(1264, 461, 7, 2, 199.00),
(1265, 461, 35, 3, 459.00),
(1266, 462, 25, 1, 89.00),
(1267, 462, 17, 3, 69.00),
(1268, 463, 4, 1, 2899.00),
(1269, 463, 33, 1, 268.00),
(1270, 463, 1, 1, 3299.00),
(1271, 463, 32, 2, 129.00),
(1272, 464, 36, 1, 699.00),
(1273, 464, 34, 2, 119.00),
(1274, 464, 18, 2, 18.00),
(1275, 465, 1, 1, 3299.00),
(1276, 465, 15, 2, 149.00),
(1277, 465, 25, 4, 89.00),
(1278, 465, 32, 2, 129.00),
(1279, 465, 19, 2, 29.00),
(1280, 466, 28, 3, 39.00),
(1281, 466, 7, 1, 199.00),
(1282, 467, 37, 1, 699.00),
(1283, 467, 11, 4, 79.00),
(1284, 467, 28, 4, 39.00),
(1285, 468, 1, 1, 3299.00),
(1286, 468, 34, 1, 119.00),
(1287, 468, 11, 2, 79.00),
(1288, 468, 3, 1, 399.00),
(1289, 469, 32, 1, 129.00),
(1290, 469, 18, 2, 18.00),
(1291, 469, 36, 1, 699.00),
(1292, 469, 1, 1, 3299.00),
(1293, 470, 6, 2, 99.00),
(1294, 471, 23, 1, 399.00),
(1295, 471, 20, 3, 59.00),
(1296, 472, 9, 1, 359.00),
(1297, 473, 3, 1, 399.00),
(1298, 473, 25, 1, 89.00),
(1299, 473, 2, 1, 5499.00),
(1300, 474, 1, 1, 3299.00),
(1301, 474, 13, 2, 59.00),
(1302, 474, 37, 1, 699.00),
(1303, 475, 28, 2, 39.00),
(1304, 475, 14, 1, 2899.00),
(1305, 476, 32, 1, 129.00),
(1306, 476, 6, 2, 99.00),
(1307, 476, 8, 3, 499.00),
(1308, 476, 24, 1, 899.00),
(1309, 477, 38, 1, 329.00),
(1310, 477, 34, 1, 119.00),
(1311, 478, 39, 1, 159.00),
(1312, 478, 1, 1, 3299.00),
(1313, 479, 19, 5, 29.00),
(1314, 479, 6, 3, 99.00),
(1315, 479, 1, 1, 3299.00),
(1316, 479, 33, 2, 268.00),
(1317, 480, 7, 1, 199.00),
(1318, 480, 15, 3, 149.00),
(1319, 480, 8, 1, 499.00),
(1320, 481, 1, 1, 3299.00),
(1321, 481, 32, 1, 129.00),
(1322, 481, 21, 1, 128.00),
(1323, 482, 5, 1, 1299.00),
(1324, 482, 3, 3, 399.00),
(1325, 482, 33, 3, 268.00),
(1326, 483, 9, 2, 359.00),
(1327, 483, 11, 2, 79.00),
(1328, 484, 18, 4, 18.00),
(1329, 484, 8, 2, 499.00),
(1330, 484, 33, 2, 268.00),
(1331, 485, 6, 2, 99.00),
(1332, 485, 9, 1, 359.00),
(1333, 485, 19, 3, 29.00),
(1334, 486, 38, 2, 329.00),
(1335, 487, 4, 1, 2899.00),
(1336, 487, 23, 1, 399.00),
(1337, 487, 19, 5, 29.00),
(1338, 487, 25, 3, 89.00),
(1339, 488, 39, 1, 159.00),
(1340, 488, 19, 5, 29.00),
(1341, 488, 5, 1, 1299.00),
(1342, 489, 21, 2, 128.00),
(1343, 489, 11, 2, 79.00),
(1344, 490, 1, 1, 3299.00),
(1345, 490, 12, 1, 129.00),
(1346, 490, 3, 1, 399.00),
(1347, 491, 1, 1, 3299.00),
(1348, 491, 31, 1, 99.00),
(1349, 491, 25, 2, 89.00),
(1350, 492, 31, 4, 99.00),
(1351, 492, 11, 2, 79.00),
(1352, 492, 1, 1, 3299.00),
(1353, 493, 28, 2, 39.00),
(1354, 493, 11, 2, 79.00),
(1355, 493, 30, 3, 259.00),
(1356, 494, 2, 1, 5499.00),
(1357, 494, 17, 2, 69.00),
(1358, 495, 1, 1, 3299.00),
(1359, 495, 39, 1, 159.00),
(1360, 495, 20, 2, 59.00),
(1361, 496, 6, 3, 99.00),
(1362, 496, 20, 3, 59.00),
(1363, 496, 32, 1, 129.00),
(1364, 497, 9, 2, 359.00),
(1365, 497, 7, 3, 199.00),
(1366, 497, 8, 2, 499.00),
(1367, 497, 38, 1, 329.00),
(1368, 497, 18, 4, 18.00),
(1369, 498, 10, 2, 49.00),
(1370, 498, 34, 2, 119.00),
(1371, 498, 3, 2, 399.00),
(1372, 498, 33, 1, 268.00),
(1373, 499, 19, 4, 29.00),
(1374, 500, 32, 1, 129.00),
(1375, 500, 13, 3, 59.00),
(1376, 500, 17, 2, 69.00);

-- 数据校验示例：
-- SELECT COUNT(*) FROM orders;
-- SELECT COUNT(*) FROM order_items;
-- SELECT SUM(total_amount) FROM orders;
